[
    {
        "badges": 12,
        "balance": 39436991,
        "contribution": 761.63,
        "followers": 51337,
        "following": 986,
        "rank": 1,
        "trust": 29000,
        "tvf": 595156404,
        "web3id": "a16z"
    },
    {
        "badges": 15,
        "balance": 19360165,
        "contribution": 656.52,
        "followers": 38807,
        "following": 931,
        "rank": 2,
        "trust": 38600,
        "tvf": 623098629,
        "web3id": "an0n"
    },
    {
        "badges": 12,
        "balance": 18537962,
        "contribution": 227.11999999999998,
        "followers": 55234,
        "following": 170,
        "rank": 3,
        "trust": 3087,
        "tvf": 720570926,
        "web3id": "Ethereum"
    },
    {
        "badges": 15,
        "balance": 17670851,
        "contribution": 78.24,
        "followers": 21417,
        "following": 990,
        "rank": 4,
        "trust": 14300,
        "tvf": 447537199,
        "web3id": "33EE"
    },
    {
        "badges": 11,
        "balance": 14332976,
        "contribution": 841.92,
        "followers": 22747,
        "following": 947,
        "rank": 5,
        "trust": 20400,
        "tvf": 480873741,
        "web3id": "MoneyPrinter1"
    },
    {
        "badges": 16,
        "balance": 609947,
        "contribution": 975.75,
        "followers": 36835,
        "following": 398,
        "rank": 6,
        "trust": 27500,
        "tvf": 429397087,
        "web3id": "Gekko"
    },
    {
        "badges": 13,
        "balance": 1717279,
        "contribution": 415.31,
        "followers": 8396,
        "following": 1000,
        "rank": 7,
        "trust": 9536,
        "tvf": 541880100,
        "web3id": "BugsBunny"
    },
    {
        "badges": 11,
        "balance": 99331,
        "contribution": 1156.3,
        "followers": 29278,
        "following": 994,
        "rank": 8,
        "trust": 56900,
        "tvf": 683987605,
        "web3id": "nerd"
    },
    {
        "badges": 10,
        "balance": 220479,
        "contribution": 928.88,
        "followers": 18771,
        "following": 209,
        "rank": 9,
        "trust": 53000,
        "tvf": 536822600,
        "web3id": "snehur"
    },
    {
        "badges": 11,
        "balance": 20641140,
        "contribution": 88.97,
        "followers": 14169,
        "following": 363,
        "rank": 10,
        "trust": 5315,
        "tvf": 348052479,
        "web3id": "Powerstake"
    },
    {
        "badges": 14,
        "balance": 3133420,
        "contribution": 115.18,
        "followers": 7823,
        "following": 161,
        "rank": 11,
        "trust": 11700,
        "tvf": 350467876,
        "web3id": "0xbbbc"
    },
    {
        "badges": 14,
        "balance": 12463005,
        "contribution": 291.47,
        "followers": 10920,
        "following": 769,
        "rank": 12,
        "trust": 1244,
        "tvf": 399124050,
        "web3id": "just_a_guy"
    },
    {
        "badges": 10,
        "balance": 30047127,
        "contribution": 90.82,
        "followers": 14443,
        "following": 528,
        "rank": 13,
        "trust": 4742,
        "tvf": 343794159,
        "web3id": "DeFiWhale"
    },
    {
        "badges": 11,
        "balance": 7374850,
        "contribution": 99.7,
        "followers": 22470,
        "following": 436,
        "rank": 14,
        "trust": 9201,
        "tvf": 582667939,
        "web3id": "TradFiWhale"
    },
    {
        "badges": 8,
        "balance": 541203,
        "contribution": 149.99,
        "followers": 50586,
        "following": 283,
        "rank": 15,
        "trust": 47800,
        "tvf": 663259208,
        "web3id": "QUID"
    },
    {
        "badges": 14,
        "balance": 1086510,
        "contribution": 990.42,
        "followers": 16747,
        "following": 462,
        "rank": 16,
        "trust": 19500,
        "tvf": 383833465,
        "web3id": "Enerow"
    },
    {
        "badges": 12,
        "balance": 11434945,
        "contribution": 33.75,
        "followers": 8291,
        "following": 103,
        "rank": 17,
        "trust": 1583,
        "tvf": 224515403,
        "web3id": "Indodax"
    },
    {
        "badges": 11,
        "balance": 1585378,
        "contribution": 439.54,
        "followers": 16851,
        "following": 488,
        "rank": 18,
        "trust": 4973,
        "tvf": 616882777,
        "web3id": "VY100"
    },
    {
        "badges": 13,
        "balance": 450534,
        "contribution": 300.26,
        "followers": 35860,
        "following": 663,
        "rank": 19,
        "trust": 39800,
        "tvf": 386966387,
        "web3id": "defigen"
    },
    {
        "badges": 13,
        "balance": 6959886,
        "contribution": 0,
        "followers": 30664,
        "following": 6,
        "rank": 20,
        "trust": 1389,
        "tvf": 391402861,
        "web3id": "EverydayWhale"
    },
    {
        "badges": 17,
        "balance": 6180,
        "contribution": 327.6,
        "followers": 14324,
        "following": 441,
        "rank": 21,
        "trust": 21100,
        "tvf": 335266882,
        "web3id": "bykur"
    },
    {
        "badges": 15,
        "balance": 29123396,
        "contribution": 0.88,
        "followers": 35378,
        "following": 0,
        "rank": 22,
        "trust": 0,
        "tvf": 460334299,
        "web3id": "blurr"
    },
    {
        "badges": 12,
        "balance": 1900617,
        "contribution": 305.1,
        "followers": 9939,
        "following": 217,
        "rank": 23,
        "trust": 2596,
        "tvf": 301452716,
        "web3id": "DegenPanda"
    },
    {
        "badges": 12,
        "balance": 285638,
        "contribution": 404.32,
        "followers": 7135,
        "following": 81,
        "rank": 24,
        "trust": 25600,
        "tvf": 320180655,
        "web3id": "YoungHustler"
    },
    {
        "badges": 7,
        "balance": 8046527,
        "contribution": 152.75,
        "followers": 5875,
        "following": 904,
        "rank": 25,
        "trust": 16100,
        "tvf": 212957586,
        "web3id": "domconex"
    },
    {
        "badges": 16,
        "balance": 20073,
        "contribution": 191.38,
        "followers": 4739,
        "following": 604,
        "rank": 26,
        "trust": 12000,
        "tvf": 210229742,
        "web3id": "nett"
    },
    {
        "badges": 13,
        "balance": 33838,
        "contribution": 561.89,
        "followers": 15422,
        "following": 603,
        "rank": 27,
        "trust": 18400,
        "tvf": 491293770,
        "web3id": "cryptorun"
    },
    {
        "badges": 17,
        "balance": 310830,
        "contribution": 236.66,
        "followers": 7780,
        "following": 487,
        "rank": 28,
        "trust": 11500,
        "tvf": 243240789,
        "web3id": "nmstarchild"
    },
    {
        "badges": 12,
        "balance": 736977,
        "contribution": 200.55,
        "followers": 12601,
        "following": 218,
        "rank": 29,
        "trust": 13400,
        "tvf": 377416164,
        "web3id": "yobit"
    },
    {
        "badges": 10,
        "balance": 2745485,
        "contribution": 270.02,
        "followers": 5839,
        "following": 266,
        "rank": 30,
        "trust": 3185,
        "tvf": 420257616,
        "web3id": "Octoshi"
    },
    {
        "badges": 15,
        "balance": 362048,
        "contribution": 0,
        "followers": 30777,
        "following": 7,
        "rank": 31,
        "trust": 1845,
        "tvf": 372901896,
        "web3id": "vitalik"
    },
    {
        "badges": 16,
        "balance": 143440,
        "contribution": 255.51,
        "followers": 8567,
        "following": 255,
        "rank": 32,
        "trust": 4408,
        "tvf": 374903865,
        "web3id": "alex"
    },
    {
        "badges": 19,
        "balance": 240339,
        "contribution": 223.15,
        "followers": 8911,
        "following": 453,
        "rank": 33,
        "trust": 1949,
        "tvf": 221571686,
        "web3id": "Pandario"
    },
    {
        "badges": 11,
        "balance": 5427668,
        "contribution": 156.43,
        "followers": 8073,
        "following": 475,
        "rank": 34,
        "trust": 8342,
        "tvf": 320654130,
        "web3id": "IntelGroup"
    },
    {
        "badges": 13,
        "balance": 16396,
        "contribution": 203.41,
        "followers": 14178,
        "following": 976,
        "rank": 35,
        "trust": 24000,
        "tvf": 249004301,
        "web3id": "x777"
    },
    {
        "badges": 9,
        "balance": 25132033,
        "contribution": 2.26,
        "followers": 12449,
        "following": 0,
        "rank": 36,
        "trust": 182,
        "tvf": 320964947,
        "web3id": "CZSamSun"
    },
    {
        "badges": 15,
        "balance": 28596,
        "contribution": 170.67,
        "followers": 7998,
        "following": 393,
        "rank": 37,
        "trust": 13400,
        "tvf": 151798650,
        "web3id": "phihung209"
    },
    {
        "badges": 14,
        "balance": 59988,
        "contribution": 162.62,
        "followers": 4999,
        "following": 225,
        "rank": 38,
        "trust": 12000,
        "tvf": 194206018,
        "web3id": "FantomKing"
    },
    {
        "badges": 10,
        "balance": 1827320,
        "contribution": 651.01,
        "followers": 12959,
        "following": 109,
        "rank": 39,
        "trust": 4207,
        "tvf": 348278833,
        "web3id": "yieldfarming"
    },
    {
        "badges": 12,
        "balance": 312932,
        "contribution": 169.54,
        "followers": 3499,
        "following": 436,
        "rank": 40,
        "trust": 8148,
        "tvf": 277194684,
        "web3id": "Dantellox"
    },
    {
        "badges": 16,
        "balance": 1601350,
        "contribution": 40.25,
        "followers": 13911,
        "following": 8,
        "rank": 41,
        "trust": 1545,
        "tvf": 270279189,
        "web3id": "cp0x_1"
    },
    {
        "badges": 16,
        "balance": 1667026,
        "contribution": 122.83,
        "followers": 10666,
        "following": 105,
        "rank": 42,
        "trust": 1139,
        "tvf": 269707944,
        "web3id": "invictus369"
    },
    {
        "badges": 14,
        "balance": 6824,
        "contribution": 109.63,
        "followers": 3037,
        "following": 974,
        "rank": 43,
        "trust": 13500,
        "tvf": 174757355,
        "web3id": "Indonesia"
    },
    {
        "badges": 14,
        "balance": 140339,
        "contribution": 77.09,
        "followers": 7156,
        "following": 483,
        "rank": 44,
        "trust": 2219,
        "tvf": 228178728,
        "web3id": "Bogdan"
    },
    {
        "badges": 12,
        "balance": 21624,
        "contribution": 279.91,
        "followers": 6990,
        "following": 454,
        "rank": 45,
        "trust": 21900,
        "tvf": 196326532,
        "web3id": "padre"
    },
    {
        "badges": 12,
        "balance": 6735605,
        "contribution": 107.3,
        "followers": 2438,
        "following": 183,
        "rank": 46,
        "trust": 1775,
        "tvf": 263652420,
        "web3id": "cryptojazz"
    },
    {
        "badges": 11,
        "balance": 25221,
        "contribution": 493.38,
        "followers": 5297,
        "following": 928,
        "rank": 47,
        "trust": 21400,
        "tvf": 325076498,
        "web3id": "Slay"
    },
    {
        "badges": 13,
        "balance": 152289,
        "contribution": 262.8,
        "followers": 3398,
        "following": 404,
        "rank": 48,
        "trust": 9325,
        "tvf": 176403764,
        "web3id": "caybach"
    },
    {
        "badges": 13,
        "balance": 1991263,
        "contribution": 189.07,
        "followers": 6814,
        "following": 836,
        "rank": 49,
        "trust": 2762,
        "tvf": 240766431,
        "web3id": "1f07"
    },
    {
        "badges": 10,
        "balance": 628335,
        "contribution": 87.64,
        "followers": 11125,
        "following": 521,
        "rank": 50,
        "trust": 11800,
        "tvf": 297681297,
        "web3id": "SKAKUN"
    },
    {
        "badges": 18,
        "balance": 15765,
        "contribution": 246.72,
        "followers": 4781,
        "following": 715,
        "rank": 51,
        "trust": 5093,
        "tvf": 146709981,
        "web3id": "snggamer"
    },
    {
        "badges": 12,
        "balance": 2070541,
        "contribution": 59.69,
        "followers": 5012,
        "following": 496,
        "rank": 52,
        "trust": 3287,
        "tvf": 340825293,
        "web3id": "SungilYou"
    },
    {
        "badges": 12,
        "balance": 35546,
        "contribution": 312.74,
        "followers": 4058,
        "following": 944,
        "rank": 53,
        "trust": 7936,
        "tvf": 374118119,
        "web3id": "spart3x"
    },
    {
        "badges": 11,
        "balance": 11547,
        "contribution": 88.77,
        "followers": 8725,
        "following": 989,
        "rank": 54,
        "trust": 21200,
        "tvf": 220432874,
        "web3id": "CryptoFortochka"
    },
    {
        "badges": 8,
        "balance": 233893,
        "contribution": 1019.15,
        "followers": 10820,
        "following": 990,
        "rank": 55,
        "trust": 51600,
        "tvf": 346361509,
        "web3id": "Doomer"
    },
    {
        "badges": 14,
        "balance": 2435305,
        "contribution": 114.99,
        "followers": 4137,
        "following": 58,
        "rank": 56,
        "trust": 1311,
        "tvf": 129105533,
        "web3id": "enzo"
    },
    {
        "badges": 8,
        "balance": 735786,
        "contribution": 739.66,
        "followers": 6565,
        "following": 165,
        "rank": 57,
        "trust": 15200,
        "tvf": 282418416,
        "web3id": "odysseys"
    },
    {
        "badges": 11,
        "balance": 675190,
        "contribution": 145.86,
        "followers": 6295,
        "following": 810,
        "rank": 58,
        "trust": 3157,
        "tvf": 241024111,
        "web3id": "eblan"
    },
    {
        "badges": 16,
        "balance": 317123,
        "contribution": 254.14,
        "followers": 6792,
        "following": 334,
        "rank": 59,
        "trust": 3876,
        "tvf": 145429164,
        "web3id": "ponziscam"
    },
    {
        "badges": 10,
        "balance": 544262,
        "contribution": 154.17,
        "followers": 5149,
        "following": 970,
        "rank": 60,
        "trust": 5414,
        "tvf": 437118548,
        "web3id": "TopBigSBHodler"
    },
    {
        "badges": 11,
        "balance": 114341,
        "contribution": 154.21,
        "followers": 2964,
        "following": 621,
        "rank": 61,
        "trust": 6903,
        "tvf": 275550804,
        "web3id": "hannry"
    },
    {
        "badges": 16,
        "balance": 99858,
        "contribution": 86.78,
        "followers": 12113,
        "following": 739,
        "rank": 62,
        "trust": 5951,
        "tvf": 398844565,
        "web3id": "DeFiGod"
    },
    {
        "badges": 14,
        "balance": 1577867,
        "contribution": 12.1,
        "followers": 8597,
        "following": 267,
        "rank": 63,
        "trust": 1554,
        "tvf": 284403463,
        "web3id": "nelsonmandela"
    },
    {
        "badges": 9,
        "balance": 38299,
        "contribution": 223.78,
        "followers": 17654,
        "following": 379,
        "rank": 64,
        "trust": 32900,
        "tvf": 246100128,
        "web3id": "Richie_Rich"
    },
    {
        "badges": 12,
        "balance": 2480322,
        "contribution": 67.37,
        "followers": 6677,
        "following": 990,
        "rank": 65,
        "trust": 1318,
        "tvf": 263157449,
        "web3id": "JordanBelfort"
    },
    {
        "badges": 15,
        "balance": 469745,
        "contribution": 119.49,
        "followers": 7139,
        "following": 83,
        "rank": 66,
        "trust": 2200,
        "tvf": 158881791,
        "web3id": "fourpoops"
    },
    {
        "badges": 15,
        "balance": 254504,
        "contribution": 172.82,
        "followers": 3451,
        "following": 517,
        "rank": 67,
        "trust": 3189,
        "tvf": 168108725,
        "web3id": "TheGreyOne"
    },
    {
        "badges": 9,
        "balance": 4266559,
        "contribution": 107.45,
        "followers": 3927,
        "following": 364,
        "rank": 68,
        "trust": 3121,
        "tvf": 240957136,
        "web3id": "CryptoBatDog"
    },
    {
        "badges": 14,
        "balance": 20473,
        "contribution": 578.79,
        "followers": 11953,
        "following": 997,
        "rank": 69,
        "trust": 11300,
        "tvf": 140076761,
        "web3id": "MrBang"
    },
    {
        "badges": 8,
        "balance": 430992,
        "contribution": 539.84,
        "followers": 10356,
        "following": 784,
        "rank": 70,
        "trust": 10400,
        "tvf": 299474802,
        "web3id": "Rainmaker"
    },
    {
        "badges": 15,
        "balance": 15334,
        "contribution": 150.51,
        "followers": 4975,
        "following": 311,
        "rank": 71,
        "trust": 4622,
        "tvf": 109328954,
        "web3id": "romank"
    },
    {
        "badges": 14,
        "balance": 23673,
        "contribution": 155.39,
        "followers": 3947,
        "following": 573,
        "rank": 72,
        "trust": 7108,
        "tvf": 105916047,
        "web3id": "CryptoFreak"
    },
    {
        "badges": 12,
        "balance": 14396,
        "contribution": 108.56,
        "followers": 5869,
        "following": 792,
        "rank": 73,
        "trust": 5720,
        "tvf": 148999631,
        "web3id": "Renegade06"
    },
    {
        "badges": 16,
        "balance": 38532,
        "contribution": 222.22,
        "followers": 7961,
        "following": 850,
        "rank": 74,
        "trust": 3317,
        "tvf": 165903285,
        "web3id": "MrBlueSky"
    },
    {
        "badges": 10,
        "balance": 52338,
        "contribution": 150.87,
        "followers": 4148,
        "following": 983,
        "rank": 75,
        "trust": 13800,
        "tvf": 138202784,
        "web3id": "Jacob_Land"
    },
    {
        "badges": 16,
        "balance": 6684224,
        "contribution": 38.19,
        "followers": 8731,
        "following": 1000,
        "rank": 76,
        "trust": 583,
        "tvf": 339388908,
        "web3id": "ZeroPants"
    },
    {
        "badges": 16,
        "balance": 628502,
        "contribution": 1.19,
        "followers": 6557,
        "following": 39,
        "rank": 77,
        "trust": 2587,
        "tvf": 372220521,
        "web3id": "kirby"
    },
    {
        "badges": 15,
        "balance": 2772880,
        "contribution": 12.67,
        "followers": 9976,
        "following": 846,
        "rank": 78,
        "trust": 813,
        "tvf": 308018278,
        "web3id": "Admiral"
    },
    {
        "badges": 13,
        "balance": 13365,
        "contribution": 260.09,
        "followers": 9692,
        "following": 938,
        "rank": 79,
        "trust": 22400,
        "tvf": 112205075,
        "web3id": "luzerne"
    },
    {
        "badges": 13,
        "balance": 31522,
        "contribution": 247.43,
        "followers": 1995,
        "following": 68,
        "rank": 80,
        "trust": 4612,
        "tvf": 70332612,
        "web3id": "dimmix_ua"
    },
    {
        "badges": 9,
        "balance": 8072837,
        "contribution": 63.42,
        "followers": 9620,
        "following": 383,
        "rank": 81,
        "trust": 2878,
        "tvf": 438957260,
        "web3id": "4What"
    },
    {
        "badges": 15,
        "balance": 386274,
        "contribution": 120.68,
        "followers": 1700,
        "following": 242,
        "rank": 82,
        "trust": 1095,
        "tvf": 171571505,
        "web3id": "LissStern"
    },
    {
        "badges": 13,
        "balance": 187419,
        "contribution": 100.48,
        "followers": 7124,
        "following": 982,
        "rank": 83,
        "trust": 8645,
        "tvf": 276664362,
        "web3id": "Punkk"
    },
    {
        "badges": 12,
        "balance": 39362,
        "contribution": 229.98,
        "followers": 6392,
        "following": 941,
        "rank": 84,
        "trust": 2564,
        "tvf": 111177207,
        "web3id": "KayaDesignArt"
    },
    {
        "badges": 10,
        "balance": 4039,
        "contribution": 154.39,
        "followers": 10728,
        "following": 993,
        "rank": 85,
        "trust": 19800,
        "tvf": 176939532,
        "web3id": "PBT_LISA"
    },
    {
        "badges": 12,
        "balance": 20144,
        "contribution": 73.07,
        "followers": 6107,
        "following": 540,
        "rank": 86,
        "trust": 6741,
        "tvf": 127119061,
        "web3id": "EvilDoom"
    },
    {
        "badges": 11,
        "balance": 14367,
        "contribution": 114.41,
        "followers": 3673,
        "following": 1000,
        "rank": 87,
        "trust": 8112,
        "tvf": 177829374,
        "web3id": "DeCrypto"
    },
    {
        "badges": 13,
        "balance": 336136,
        "contribution": 8.74,
        "followers": 5410,
        "following": 538,
        "rank": 88,
        "trust": 2267,
        "tvf": 183732790,
        "web3id": "6TO9"
    },
    {
        "badges": 13,
        "balance": 2987,
        "contribution": 217.7,
        "followers": 4273,
        "following": 1000,
        "rank": 89,
        "trust": 5411,
        "tvf": 187113311,
        "web3id": "Sufidyanov"
    },
    {
        "badges": 14,
        "balance": 814872,
        "contribution": 64.87,
        "followers": 3135,
        "following": 178,
        "rank": 90,
        "trust": 1647,
        "tvf": 89816042,
        "web3id": "Coinduke"
    },
    {
        "badges": 13,
        "balance": 352306,
        "contribution": 121.17,
        "followers": 15492,
        "following": 232,
        "rank": 91,
        "trust": 9112,
        "tvf": 356601298,
        "web3id": "ngmi"
    },
    {
        "badges": 9,
        "balance": 2498586,
        "contribution": 40.6,
        "followers": 1573,
        "following": 136,
        "rank": 92,
        "trust": 1467,
        "tvf": 268905685,
        "web3id": "yonder"
    },
    {
        "badges": 13,
        "balance": 305561,
        "contribution": 97.03,
        "followers": 4433,
        "following": 529,
        "rank": 93,
        "trust": 3223,
        "tvf": 167009942,
        "web3id": "Gener8"
    },
    {
        "badges": 8,
        "balance": 39156,
        "contribution": 99.15,
        "followers": 3728,
        "following": 993,
        "rank": 94,
        "trust": 16500,
        "tvf": 187494025,
        "web3id": "VietnamPenguin"
    },
    {
        "badges": 14,
        "balance": 100991,
        "contribution": 112.82,
        "followers": 15382,
        "following": 392,
        "rank": 95,
        "trust": 6322,
        "tvf": 250582020,
        "web3id": "RmnZ"
    },
    {
        "badges": 12,
        "balance": 567943,
        "contribution": 45.43,
        "followers": 4690,
        "following": 886,
        "rank": 96,
        "trust": 2758,
        "tvf": 161804061,
        "web3id": "monkey777"
    },
    {
        "badges": 8,
        "balance": 39451,
        "contribution": 268.32,
        "followers": 5674,
        "following": 410,
        "rank": 97,
        "trust": 4839,
        "tvf": 387074111,
        "web3id": "DeFi_Club"
    },
    {
        "badges": 9,
        "balance": 145679,
        "contribution": 177.73,
        "followers": 1711,
        "following": 409,
        "rank": 98,
        "trust": 3572,
        "tvf": 122163811,
        "web3id": "pumpitup"
    },
    {
        "badges": 18,
        "balance": 91528,
        "contribution": 39.63,
        "followers": 5189,
        "following": 594,
        "rank": 99,
        "trust": 813,
        "tvf": 139661463,
        "web3id": "sorokin"
    },
    {
        "badges": 7,
        "balance": 253119,
        "contribution": 367.42,
        "followers": 6777,
        "following": 585,
        "rank": 100,
        "trust": 7243,
        "tvf": 207270384,
        "web3id": "elonmoney"
    },
    {
        "badges": 7,
        "balance": 151283,
        "contribution": 190.86,
        "followers": 8222,
        "following": 1786,
        "rank": 101,
        "trust": 8697,
        "tvf": 152161017,
        "web3id": "Millionaire"
    },
    {
        "badges": 11,
        "balance": 96774,
        "contribution": 85.31,
        "followers": 4172,
        "following": 678,
        "rank": 102,
        "trust": 1770,
        "tvf": 255359745,
        "web3id": "Kapibara"
    },
    {
        "badges": 16,
        "balance": 48849,
        "contribution": 9.7,
        "followers": 6261,
        "following": 118,
        "rank": 103,
        "trust": 2230,
        "tvf": 172349708,
        "web3id": "DefiRat"
    },
    {
        "badges": 15,
        "balance": 24921,
        "contribution": 80.26,
        "followers": 3241,
        "following": 366,
        "rank": 104,
        "trust": 2525,
        "tvf": 172838964,
        "web3id": "Kleio"
    },
    {
        "badges": 16,
        "balance": 367514,
        "contribution": 31.11,
        "followers": 3167,
        "following": 525,
        "rank": 105,
        "trust": 1533,
        "tvf": 173318902,
        "web3id": "daaffy"
    },
    {
        "badges": 13,
        "balance": 101428,
        "contribution": 38.33,
        "followers": 6402,
        "following": 624,
        "rank": 106,
        "trust": 2772,
        "tvf": 224580519,
        "web3id": "MrLawyer88"
    },
    {
        "badges": 12,
        "balance": 36189,
        "contribution": 93.1,
        "followers": 1473,
        "following": 216,
        "rank": 107,
        "trust": 4471,
        "tvf": 126261918,
        "web3id": "mugetssu"
    },
    {
        "badges": 10,
        "balance": 220095,
        "contribution": 243.43,
        "followers": 7130,
        "following": 951,
        "rank": 108,
        "trust": 3332,
        "tvf": 142685789,
        "web3id": "airdropExpert"
    },
    {
        "badges": 11,
        "balance": 336608,
        "contribution": 349.91,
        "followers": 8409,
        "following": 1871,
        "rank": 109,
        "trust": 4838,
        "tvf": 173939117,
        "web3id": "meta"
    },
    {
        "badges": 13,
        "balance": 882143,
        "contribution": 12.45,
        "followers": 3593,
        "following": 138,
        "rank": 110,
        "trust": 3653,
        "tvf": 179452236,
        "web3id": "TycoonT"
    },
    {
        "badges": 13,
        "balance": 14922,
        "contribution": 88.31,
        "followers": 3147,
        "following": 552,
        "rank": 111,
        "trust": 5369,
        "tvf": 264143348,
        "web3id": "krhpk"
    },
    {
        "badges": 11,
        "balance": 317967,
        "contribution": 169.84,
        "followers": 5596,
        "following": 176,
        "rank": 112,
        "trust": 2866,
        "tvf": 88221005,
        "web3id": "moonnft"
    }
]