[
  {
    "balance": 39220886.0,
    "contribution": 715.77,
    "followers": 51340.0,
    "following": 1000.0,
    "rank": 1.0,
    "trust": 28000.0,
    "tvf": 672398703.0,
    "web3id": "a16z",
    "badges": 0
  },
  {
    "balance": 20230429.0,
    "contribution": 1048.11,
    "followers": 38533.0,
    "following": 931.0,
    "rank": 2.0,
    "trust": 36200.0,
    "tvf": 671670341.0,
    "web3id": "an0n",
    "badges": 0
  },
  {
    "balance": 18939868.0,
    "contribution": 167.58,
    "followers": 55092.0,
    "following": 167.0,
    "rank": 3.0,
    "trust": 2651.0,
    "tvf": 760795560.0,
    "web3id": "Ethereum",
    "badges": 0
  },
  {
    "balance": 17316466.0,
    "contribution": 1102.13,
    "followers": 22436.0,
    "following": 981.0,
    "rank": 4.0,
    "trust": 17800.0,
    "tvf": 440205175.0,
    "web3id": "MoneyPrinter1",
    "badges": 0
  },
  {
    "balance": 18397818.0,
    "contribution": 91.15,
    "followers": 21297.0,
    "following": 999.0,
    "rank": 5.0,
    "trust": 14200.0,
    "tvf": 451788764.0,
    "web3id": "33EE",
    "badges": 0
  },
  {
    "balance": 30725466.0,
    "contribution": 42.31,
    "followers": 14332.0,
    "following": 501.0,
    "rank": 6.0,
    "trust": 4291.0,
    "tvf": 324287968.0,
    "web3id": "DeFiWhale",
    "badges": 0
  },
  {
    "balance": 639190.0,
    "contribution": 1070.13,
    "followers": 36550.0,
    "following": 397.0,
    "rank": 7.0,
    "trust": 26000.0,
    "tvf": 432878233.0,
    "web3id": "Gekko",
    "badges": 0
  },
  {
    "balance": 21919771.0,
    "contribution": 83.25,
    "followers": 14126.0,
    "following": 359.0,
    "rank": 8.0,
    "trust": 5001.0,
    "tvf": 357310182.0,
    "web3id": "Powerstake",
    "badges": 0
  },
  {
    "balance": 7629770.0,
    "contribution": 164.27,
    "followers": 22221.0,
    "following": 431.0,
    "rank": 9.0,
    "trust": 8671.0,
    "tvf": 637041163.0,
    "web3id": "TradFiWhale",
    "badges": 0
  },
  {
    "balance": 557165.0,
    "contribution": 291.19,
    "followers": 50585.0,
    "following": 279.0,
    "rank": 10.0,
    "trust": 46800.0,
    "tvf": 677943275.0,
    "web3id": "QUID",
    "badges": 0
  },
  {
    "balance": 101204.0,
    "contribution": 1181.62,
    "followers": 28884.0,
    "following": 838.0,
    "rank": 11.0,
    "trust": 52600.0,
    "tvf": 641868152.0,
    "web3id": "nerd",
    "badges": 0
  },
  {
    "balance": 3412896.0,
    "contribution": 128.72,
    "followers": 7054.0,
    "following": 155.0,
    "rank": 12.0,
    "trust": 9291.0,
    "tvf": 299843327.0,
    "web3id": "0xbbbc",
    "badges": 0
  },
  {
    "balance": 1171204.0,
    "contribution": 1148.4,
    "followers": 16520.0,
    "following": 456.0,
    "rank": 13.0,
    "trust": 17600.0,
    "tvf": 388589835.0,
    "web3id": "Enerow",
    "badges": 0
  },
  {
    "balance": 1634370.0,
    "contribution": 539.32,
    "followers": 16858.0,
    "following": 482.0,
    "rank": 14.0,
    "trust": 4725.0,
    "tvf": 624441171.0,
    "web3id": "VY100",
    "badges": 0
  },
  {
    "balance": 333002.0,
    "contribution": 353.73,
    "followers": 7684.0,
    "following": 485.0,
    "rank": 15.0,
    "trust": 10900.0,
    "tvf": 252562346.0,
    "web3id": "nmstarchild",
    "badges": 0
  },
  {
    "balance": 7083638.0,
    "contribution": 167.6,
    "followers": 30655.0,
    "following": 8.0,
    "rank": 16.0,
    "trust": 1378.0,
    "tvf": 399186663.0,
    "web3id": "EverydayWhale",
    "badges": 0
  },
  {
    "balance": 379413.0,
    "contribution": 68.96,
    "followers": 30757.0,
    "following": 7.0,
    "rank": 17.0,
    "trust": 1840.0,
    "tvf": 380325545.0,
    "web3id": "vitalik",
    "badges": 0
  },
  {
    "balance": 469474.0,
    "contribution": 867.1,
    "followers": 35763.0,
    "following": 654.0,
    "rank": 18.0,
    "trust": 38700.0,
    "tvf": 387043918.0,
    "web3id": "defigen",
    "badges": 0
  },
  {
    "balance": 184330.0,
    "contribution": 647.66,
    "followers": 17924.0,
    "following": 229.0,
    "rank": 19.0,
    "trust": 42200.0,
    "tvf": 505160629.0,
    "web3id": "snehur",
    "badges": 0
  },
  {
    "balance": 1483606.0,
    "contribution": 235.07,
    "followers": 7044.0,
    "following": 998.0,
    "rank": 20.0,
    "trust": 5070.0,
    "tvf": 367884945.0,
    "web3id": "BugsBunny",
    "badges": 0
  },
  {
    "balance": 6277.0,
    "contribution": 261.77,
    "followers": 14173.0,
    "following": 428.0,
    "rank": 21.0,
    "trust": 19100.0,
    "tvf": 340053640.0,
    "web3id": "bykur",
    "badges": 0
  },
  {
    "balance": 29358608.0,
    "contribution": 0,
    "followers": 35363.0,
    "following": 0.0,
    "rank": 22.0,
    "trust": 0.0,
    "tvf": 473762349.0,
    "web3id": "blurr",
    "badges": 0
  },
  {
    "balance": 311083.0,
    "contribution": 465.35,
    "followers": 6948.0,
    "following": 47.0,
    "rank": 23.0,
    "trust": 21400.0,
    "tvf": 248203596.0,
    "web3id": "YoungHustler",
    "badges": 0
  },
  {
    "balance": 150539.0,
    "contribution": 244.25,
    "followers": 8445.0,
    "following": 251.0,
    "rank": 24.0,
    "trust": 3610.0,
    "tvf": 379551933.0,
    "web3id": "alex",
    "badges": 0
  },
  {
    "balance": 720033.0,
    "contribution": 138.39,
    "followers": 12217.0,
    "following": 189.0,
    "rank": 25.0,
    "trust": 11800.0,
    "tvf": 381966975.0,
    "web3id": "yobit",
    "badges": 0
  },
  {
    "balance": 8334162.0,
    "contribution": 180.01,
    "followers": 5609.0,
    "following": 960.0,
    "rank": 26.0,
    "trust": 13500.0,
    "tvf": 218164111.0,
    "web3id": "domconex",
    "badges": 0
  },
  {
    "balance": 2182709.0,
    "contribution": 376.3,
    "followers": 12850.0,
    "following": 110.0,
    "rank": 27.0,
    "trust": 4091.0,
    "tvf": 361847205.0,
    "web3id": "yieldfarming",
    "badges": 0
  },
  {
    "balance": 247211.0,
    "contribution": 265.46,
    "followers": 8816.0,
    "following": 416.0,
    "rank": 28.0,
    "trust": 1787.0,
    "tvf": 230345457.0,
    "web3id": "Pandario",
    "badges": 0
  },
  {
    "balance": 21568.0,
    "contribution": 141.8,
    "followers": 4515.0,
    "following": 591.0,
    "rank": 29.0,
    "trust": 9502.0,
    "tvf": 208774440.0,
    "web3id": "nett",
    "badges": 0
  },
  {
    "balance": 32044.0,
    "contribution": 511.53,
    "followers": 15525.0,
    "following": 513.0,
    "rank": 30.0,
    "trust": 14700.0,
    "tvf": 407248895.0,
    "web3id": "cryptorun",
    "badges": 0
  },
  {
    "balance": 12598244.0,
    "contribution": 180.26,
    "followers": 10768.0,
    "following": 753.0,
    "rank": 31.0,
    "trust": 661.0,
    "tvf": 408196408.0,
    "web3id": "just_a_guy",
    "badges": 0
  },
  {
    "balance": 64957.0,
    "contribution": 189.38,
    "followers": 4853.0,
    "following": 199.0,
    "rank": 32.0,
    "trust": 10700.0,
    "tvf": 200598251.0,
    "web3id": "FantomKing",
    "badges": 0
  },
  {
    "balance": 3664949.0,
    "contribution": 579.44,
    "followers": 4995.0,
    "following": 119.0,
    "rank": 33.0,
    "trust": 10100.0,
    "tvf": 262664333.0,
    "web3id": "odysseys",
    "badges": 0
  },
  {
    "balance": 31326.0,
    "contribution": 256.25,
    "followers": 8154.0,
    "following": 357.0,
    "rank": 34.0,
    "trust": 11600.0,
    "tvf": 154057183.0,
    "web3id": "phihung209",
    "badges": 0
  },
  {
    "balance": 1782391.0,
    "contribution": 210.09,
    "followers": 10632.0,
    "following": 102.0,
    "rank": 35.0,
    "trust": 1109.0,
    "tvf": 256786356.0,
    "web3id": "invictus369",
    "badges": 0
  },
  {
    "balance": 364615.0,
    "contribution": 184.86,
    "followers": 2799.0,
    "following": 523.0,
    "rank": 36.0,
    "trust": 5679.0,
    "tvf": 256233847.0,
    "web3id": "Dantellox",
    "badges": 0
  },
  {
    "balance": 8331053.0,
    "contribution": 78.7,
    "followers": 9632.0,
    "following": 373.0,
    "rank": 37.0,
    "trust": 2869.0,
    "tvf": 484419868.0,
    "web3id": "4What",
    "badges": 0
  },
  {
    "balance": 167173.0,
    "contribution": 252.49,
    "followers": 3292.0,
    "following": 383.0,
    "rank": 38.0,
    "trust": 7903.0,
    "tvf": 170224653.0,
    "web3id": "caybach",
    "badges": 0
  },
  {
    "balance": 6683630.0,
    "contribution": 120.76,
    "followers": 2342.0,
    "following": 172.0,
    "rank": 39.0,
    "trust": 1672.0,
    "tvf": 265886360.0,
    "web3id": "cryptojazz",
    "badges": 0
  },
  {
    "balance": 5641833.0,
    "contribution": 125.64,
    "followers": 7984.0,
    "following": 471.0,
    "rank": 40.0,
    "trust": 7760.0,
    "tvf": 330126560.0,
    "web3id": "IntelGroup",
    "badges": 0
  },
  {
    "balance": 2472457.0,
    "contribution": 95.23,
    "followers": 1457.0,
    "following": 128.0,
    "rank": 41.0,
    "trust": 1374.0,
    "tvf": 273664645.0,
    "web3id": "yonder",
    "badges": 0
  },
  {
    "balance": 2009098.0,
    "contribution": 195.61,
    "followers": 6766.0,
    "following": 819.0,
    "rank": 42.0,
    "trust": 2575.0,
    "tvf": 244581232.0,
    "web3id": "1f07",
    "badges": 0
  },
  {
    "balance": 22629.0,
    "contribution": 235.11,
    "followers": 6816.0,
    "following": 529.0,
    "rank": 43.0,
    "trust": 20000.0,
    "tvf": 194123048.0,
    "web3id": "padre",
    "badges": 0
  },
  {
    "balance": 2490072.0,
    "contribution": 95.99,
    "followers": 4106.0,
    "following": 127.0,
    "rank": 44.0,
    "trust": 1271.0,
    "tvf": 131470688.0,
    "web3id": "enzo",
    "badges": 0
  },
  {
    "balance": 12166759.0,
    "contribution": 49.31,
    "followers": 8210.0,
    "following": 97.0,
    "rank": 45.0,
    "trust": 810.0,
    "tvf": 233213492.0,
    "web3id": "Indodax",
    "badges": 0
  },
  {
    "balance": 461113.0,
    "contribution": 224.75,
    "followers": 3722.0,
    "following": 939.0,
    "rank": 46.0,
    "trust": 4328.0,
    "tvf": 455834385.0,
    "web3id": "TopBigSBHodler",
    "badges": 0
  },
  {
    "balance": 2070924.0,
    "contribution": 55.38,
    "followers": 4933.0,
    "following": 497.0,
    "rank": 47.0,
    "trust": 3119.0,
    "tvf": 350892698.0,
    "web3id": "SungilYou",
    "badges": 0
  },
  {
    "balance": 1681876.0,
    "contribution": 85.38,
    "followers": 13838.0,
    "following": 8.0,
    "rank": 48.0,
    "trust": 1528.0,
    "tvf": 273072248.0,
    "web3id": "cp0x_1",
    "badges": 0
  },
  {
    "balance": 20715.0,
    "contribution": 564.22,
    "followers": 11911.0,
    "following": 998.0,
    "rank": 49.0,
    "trust": 10600.0,
    "tvf": 142259356.0,
    "web3id": "MrBang",
    "badges": 0
  },
  {
    "balance": 416503.0,
    "contribution": 229.03,
    "followers": 6715.0,
    "following": 291.0,
    "rank": 50.0,
    "trust": 3549.0,
    "tvf": 152056870.0,
    "web3id": "ponziscam",
    "badges": 0
  },
  {
    "balance": 26738726.0,
    "contribution": 0,
    "followers": 12457.0,
    "following": 0.0,
    "rank": 51.0,
    "trust": 176.0,
    "tvf": 332121254.0,
    "web3id": "CZSamSun",
    "badges": 0
  },
  {
    "balance": 676304.0,
    "contribution": 207.4,
    "followers": 6042.0,
    "following": 801.0,
    "rank": 52.0,
    "trust": 2163.0,
    "tvf": 237475272.0,
    "web3id": "eblan",
    "badges": 0
  },
  {
    "balance": 204018.0,
    "contribution": 913.04,
    "followers": 10252.0,
    "following": 978.0,
    "rank": 53.0,
    "trust": 45900.0,
    "tvf": 345484772.0,
    "web3id": "Doomer",
    "badges": 0
  },
  {
    "balance": 104586.0,
    "contribution": 112.56,
    "followers": 12025.0,
    "following": 666.0,
    "rank": 54.0,
    "trust": 5581.0,
    "tvf": 403894851.0,
    "web3id": "DeFiGod",
    "badges": 0
  },
  {
    "balance": 63839.0,
    "contribution": 104.07,
    "followers": 3700.0,
    "following": 938.0,
    "rank": 55.0,
    "trust": 3528.0,
    "tvf": 341924390.0,
    "web3id": "spart3x",
    "badges": 0
  },
  {
    "balance": 40494.0,
    "contribution": 443.88,
    "followers": 17599.0,
    "following": 371.0,
    "rank": 56.0,
    "trust": 30900.0,
    "tvf": 248871070.0,
    "web3id": "Richie_Rich",
    "badges": 0
  },
  {
    "balance": 392267.0,
    "contribution": 39.01,
    "followers": 3159.0,
    "following": 524.0,
    "rank": 57.0,
    "trust": 1528.0,
    "tvf": 178861423.0,
    "web3id": "daaffy",
    "badges": 0
  },
  {
    "balance": 26388.0,
    "contribution": 460.15,
    "followers": 5387.0,
    "following": 993.0,
    "rank": 58.0,
    "trust": 14800.0,
    "tvf": 309286889.0,
    "web3id": "Slay",
    "badges": 0
  },
  {
    "balance": 526385.0,
    "contribution": 212.85,
    "followers": 7075.0,
    "following": 82.0,
    "rank": 59.0,
    "trust": 2056.0,
    "tvf": 163834169.0,
    "web3id": "fourpoops",
    "badges": 0
  },
  {
    "balance": 2450.0,
    "contribution": 132.04,
    "followers": 2733.0,
    "following": 997.0,
    "rank": 60.0,
    "trust": 11200.0,
    "tvf": 186515991.0,
    "web3id": "Indonesia",
    "badges": 0
  },
  {
    "balance": 9881.0,
    "contribution": 79.13,
    "followers": 7738.0,
    "following": 955.0,
    "rank": 61.0,
    "trust": 17500.0,
    "tvf": 210724301.0,
    "web3id": "CryptoFortochka",
    "badges": 0
  },
  {
    "balance": 2921684.0,
    "contribution": 136.05,
    "followers": 5576.0,
    "following": 265.0,
    "rank": 62.0,
    "trust": 2189.0,
    "tvf": 378796288.0,
    "web3id": "Octoshi",
    "badges": 0
  },
  {
    "balance": 2895022.0,
    "contribution": 27.98,
    "followers": 10019.0,
    "following": 843.0,
    "rank": 63.0,
    "trust": 810.0,
    "tvf": 321273274.0,
    "web3id": "Admiral",
    "badges": 0
  },
  {
    "balance": 15381.0,
    "contribution": 136.87,
    "followers": 4671.0,
    "following": 863.0,
    "rank": 64.0,
    "trust": 4445.0,
    "tvf": 148257420.0,
    "web3id": "snggamer",
    "badges": 0
  },
  {
    "balance": 2042821.0,
    "contribution": 72.43,
    "followers": 6633.0,
    "following": 988.0,
    "rank": 65.0,
    "trust": 1261.0,
    "tvf": 264993541.0,
    "web3id": "JordanBelfort",
    "badges": 0
  },
  {
    "balance": 265614.0,
    "contribution": 138.61,
    "followers": 3410.0,
    "following": 510.0,
    "rank": 66.0,
    "trust": 2854.0,
    "tvf": 167834664.0,
    "web3id": "TheGreyOne",
    "badges": 0
  },
  {
    "balance": 636086.0,
    "contribution": 6.51,
    "followers": 6521.0,
    "following": 39.0,
    "rank": 67.0,
    "trust": 2583.0,
    "tvf": 380627023.0,
    "web3id": "kirby",
    "badges": 0
  },
  {
    "balance": 4537825.0,
    "contribution": 180.37,
    "followers": 3850.0,
    "following": 351.0,
    "rank": 68.0,
    "trust": 2680.0,
    "tvf": 243915170.0,
    "web3id": "CryptoBatDog",
    "badges": 0
  },
  {
    "balance": 16161.0,
    "contribution": 162.58,
    "followers": 4851.0,
    "following": 292.0,
    "rank": 69.0,
    "trust": 3896.0,
    "tvf": 111717089.0,
    "web3id": "romank",
    "badges": 0
  },
  {
    "balance": 110255.0,
    "contribution": 103.92,
    "followers": 2066.0,
    "following": 406.0,
    "rank": 70.0,
    "trust": 3041.0,
    "tvf": 217823409.0,
    "web3id": "hannry",
    "badges": 0
  },
  {
    "balance": 10105.0,
    "contribution": 66.25,
    "followers": 4995.0,
    "following": 681.0,
    "rank": 71.0,
    "trust": 4455.0,
    "tvf": 149066974.0,
    "web3id": "Renegade06",
    "badges": 0
  },
  {
    "balance": 39755.0,
    "contribution": 245.34,
    "followers": 7886.0,
    "following": 966.0,
    "rank": 72.0,
    "trust": 3062.0,
    "tvf": 166863282.0,
    "web3id": "MrBlueSky",
    "badges": 0
  },
  {
    "balance": 14259.0,
    "contribution": 139.16,
    "followers": 9608.0,
    "following": 934.0,
    "rank": 73.0,
    "trust": 21400.0,
    "tvf": 108076426.0,
    "web3id": "luzerne",
    "badges": 0
  },
  {
    "balance": 13127.0,
    "contribution": 125.64,
    "followers": 14143.0,
    "following": 994.0,
    "rank": 74.0,
    "trust": 22100.0,
    "tvf": 249871563.0,
    "web3id": "x777",
    "badges": 0
  },
  {
    "balance": 407440.0,
    "contribution": 89.37,
    "followers": 1625.0,
    "following": 232.0,
    "rank": 75.0,
    "trust": 1028.0,
    "tvf": 171825617.0,
    "web3id": "LissStern",
    "badges": 0
  },
  {
    "balance": 603129.0,
    "contribution": 79.92,
    "followers": 10599.0,
    "following": 496.0,
    "rank": 76.0,
    "trust": 10400.0,
    "tvf": 270570707.0,
    "web3id": "SKAKUN",
    "badges": 0
  },
  {
    "balance": 6683565.0,
    "contribution": 16.91,
    "followers": 8697.0,
    "following": 997.0,
    "rank": 77.0,
    "trust": 564.0,
    "tvf": 342005653.0,
    "web3id": "ZeroPants",
    "badges": 0
  },
  {
    "balance": 143520.0,
    "contribution": 76.11,
    "followers": 6996.0,
    "following": 901.0,
    "rank": 78.0,
    "trust": 1094.0,
    "tvf": 163285948.0,
    "web3id": "Bogdan",
    "badges": 0
  },
  {
    "balance": 108907.0,
    "contribution": 157.06,
    "followers": 15373.0,
    "following": 365.0,
    "rank": 79.0,
    "trust": 6270.0,
    "tvf": 259387496.0,
    "web3id": "RmnZ",
    "badges": 0
  },
  {
    "balance": 4918.0,
    "contribution": 179.84,
    "followers": 10635.0,
    "following": 997.0,
    "rank": 80.0,
    "trust": 16900.0,
    "tvf": 181021821.0,
    "web3id": "PBT_LISA",
    "badges": 0
  },
  {
    "balance": 31729.0,
    "contribution": 125.59,
    "followers": 1831.0,
    "following": 58.0,
    "rank": 81.0,
    "trust": 2990.0,
    "tvf": 68902645.0,
    "web3id": "dimmix_ua",
    "badges": 0
  },
  {
    "balance": 53210.0,
    "contribution": 173.36,
    "followers": 4052.0,
    "following": 991.0,
    "rank": 82.0,
    "trust": 10900.0,
    "tvf": 141259426.0,
    "web3id": "Jacob_Land",
    "badges": 0
  },
  {
    "balance": 19200.0,
    "contribution": 60.88,
    "followers": 11414.0,
    "following": 906.0,
    "rank": 83.0,
    "trust": 3489.0,
    "tvf": 157073745.0,
    "web3id": "onlinecasino",
    "badges": 0
  },
  {
    "balance": 175038.0,
    "contribution": 32.59,
    "followers": 9761.0,
    "following": 121.0,
    "rank": 84.0,
    "trust": 1027.0,
    "tvf": 228526335.0,
    "web3id": "LeoH",
    "badges": 0
  },
  {
    "balance": 1603069.0,
    "contribution": 12.87,
    "followers": 8600.0,
    "following": 264.0,
    "rank": 85.0,
    "trust": 1538.0,
    "tvf": 295340978.0,
    "web3id": "nelsonmandela",
    "badges": 0
  },
  {
    "balance": 317040.0,
    "contribution": 117.08,
    "followers": 4367.0,
    "following": 517.0,
    "rank": 86.0,
    "trust": 3114.0,
    "tvf": 166328341.0,
    "web3id": "Gener8",
    "badges": 0
  },
  {
    "balance": 53090.0,
    "contribution": 7.72,
    "followers": 6232.0,
    "following": 119.0,
    "rank": 87.0,
    "trust": 2226.0,
    "tvf": 180671785.0,
    "web3id": "DefiRat",
    "badges": 0
  },
  {
    "balance": 831298.0,
    "contribution": 49.42,
    "followers": 3115.0,
    "following": 174.0,
    "rank": 88.0,
    "trust": 1521.0,
    "tvf": 130122558.0,
    "web3id": "Coinduke",
    "badges": 0
  },
  {
    "balance": 389316.0,
    "contribution": 35.12,
    "followers": 15508.0,
    "following": 232.0,
    "rank": 89.0,
    "trust": 9082.0,
    "tvf": 367452354.0,
    "web3id": "ngmi",
    "badges": 0
  },
  {
    "balance": 27329.0,
    "contribution": 38.33,
    "followers": 3187.0,
    "following": 364.0,
    "rank": 90.0,
    "trust": 2476.0,
    "tvf": 175952276.0,
    "web3id": "Kleio",
    "badges": 0
  },
  {
    "balance": 547578.0,
    "contribution": 37.07,
    "followers": 4657.0,
    "following": 880.0,
    "rank": 91.0,
    "trust": 2631.0,
    "tvf": 164788540.0,
    "web3id": "monkey777",
    "badges": 0
  },
  {
    "balance": 190925.0,
    "contribution": 48.55,
    "followers": 8157.0,
    "following": 1.0,
    "rank": 92.0,
    "trust": 1348.0,
    "tvf": 63578885.0,
    "web3id": "bravekon",
    "badges": 0
  },
  {
    "balance": 193001.0,
    "contribution": 38.59,
    "followers": 7074.0,
    "following": 983.0,
    "rank": 93.0,
    "trust": 8315.0,
    "tvf": 277083356.0,
    "web3id": "Punkk",
    "badges": 0
  },
  {
    "balance": 324269.0,
    "contribution": 172.09,
    "followers": 5916.0,
    "following": 329.0,
    "rank": 94.0,
    "trust": 5415.0,
    "tvf": 202852059.0,
    "web3id": "Judge7777",
    "badges": 0
  },
  {
    "balance": 23782.0,
    "contribution": 82.27,
    "followers": 3591.0,
    "following": 974.0,
    "rank": 95.0,
    "trust": 13800.0,
    "tvf": 140243026.0,
    "web3id": "VietnamPenguin",
    "badges": 0
  },
  {
    "balance": 20687.0,
    "contribution": 64.69,
    "followers": 5425.0,
    "following": 656.0,
    "rank": 96.0,
    "trust": 5207.0,
    "tvf": 119073067.0,
    "web3id": "EvilDoom",
    "badges": 0
  },
  {
    "balance": 550256.0,
    "contribution": 56.63,
    "followers": 5432.0,
    "following": 732.0,
    "rank": 97.0,
    "trust": 2086.0,
    "tvf": 262373958.0,
    "web3id": "Bankrupt",
    "badges": 0
  },
  {
    "balance": 369431.0,
    "contribution": 243.22,
    "followers": 8368.0,
    "following": 1871.0,
    "rank": 98.0,
    "trust": 4454.0,
    "tvf": 176761394.0,
    "web3id": "meta",
    "badges": 0
  },
  {
    "balance": 6007949.0,
    "contribution": 12.13,
    "followers": 22293.0,
    "following": 10.0,
    "rank": 99.0,
    "trust": 452.0,
    "tvf": 236234914.0,
    "web3id": "FOMO",
    "badges": 0
  },
  {
    "balance": 1725545.0,
    "contribution": 21.27,
    "followers": 1980.0,
    "following": 152.0,
    "rank": 100.0,
    "trust": 1521.0,
    "tvf": 99436254.0,
    "web3id": "gmxblueberry",
    "badges": 0
  },
  {
    "balance": 14038.0,
    "contribution": 54.34,
    "followers": 3095.0,
    "following": 550.0,
    "rank": 101.0,
    "trust": 5117.0,
    "tvf": 261382083.0,
    "web3id": "krhpk",
    "badges": 0
  },
  {
    "balance": 151840.0,
    "contribution": 145.42,
    "followers": 8039.0,
    "following": 1722.0,
    "rank": 102.0,
    "trust": 6404.0,
    "tvf": 163322574.0,
    "web3id": "Millionaire",
    "badges": 0
  },
  {
    "balance": 16428.0,
    "contribution": 70.4,
    "followers": 2963.0,
    "following": 878.0,
    "rank": 103.0,
    "trust": 3304.0,
    "tvf": 144192155.0,
    "web3id": "Killa007",
    "badges": 0
  },
  {
    "balance": 130452010.0,
    "contribution": 0,
    "followers": 16380.0,
    "following": 0.0,
    "rank": 104.0,
    "trust": 0.0,
    "tvf": 387812873.0,
    "web3id": "michwill",
    "badges": 0
  },
  {
    "balance": 123558.0,
    "contribution": 25.31,
    "followers": 6396.0,
    "following": 621.0,
    "rank": 105.0,
    "trust": 2491.0,
    "tvf": 224043790.0,
    "web3id": "MrLawyer88",
    "badges": 0
  },
  {
    "balance": 22428.0,
    "contribution": 141.14,
    "followers": 3713.0,
    "following": 582.0,
    "rank": 106.0,
    "trust": 8251.0,
    "tvf": 173424370.0,
    "web3id": "D1ke",
    "badges": 0
  },
  {
    "balance": 15187.0,
    "contribution": 19.8,
    "followers": 3410.0,
    "following": 698.0,
    "rank": 107.0,
    "trust": 1314.0,
    "tvf": 144038154.0,
    "web3id": "hugs",
    "badges": 0
  },
  {
    "balance": 4994052.0,
    "contribution": 29.48,
    "followers": 3056.0,
    "following": 269.0,
    "rank": 108.0,
    "trust": 2126.0,
    "tvf": 204540147.0,
    "web3id": "JackTheRipper",
    "badges": 0
  },
  {
    "balance": 80747.0,
    "contribution": 89.99,
    "followers": 3397.0,
    "following": 821.0,
    "rank": 109.0,
    "trust": 3712.0,
    "tvf": 148321226.0,
    "web3id": "kimseenam",
    "badges": 0
  },
  {
    "balance": 143441.0,
    "contribution": 0,
    "followers": 3207.0,
    "following": 141.0,
    "rank": 110.0,
    "trust": 2471.0,
    "tvf": 176380321.0,
    "web3id": "deeppee",
    "badges": 0
  },
  {
    "balance": 895855.0,
    "contribution": 12.57,
    "followers": 3579.0,
    "following": 137.0,
    "rank": 111.0,
    "trust": 3647.0,
    "tvf": 181973375.0,
    "web3id": "TycoonT",
    "badges": 0
  },
  {
    "balance": 86725.0,
    "contribution": 361.36,
    "followers": 3356.0,
    "following": 978.0,
    "rank": 112.0,
    "trust": 8994.0,
    "tvf": 151532251.0,
    "web3id": "DeFiance",
    "badges": 0
  },
  {
    "balance": 153729.0,
    "contribution": 140.44,
    "followers": 1448.0,
    "following": 341.0,
    "rank": 113.0,
    "trust": 1755.0,
    "tvf": 109124945.0,
    "web3id": "pumpitup",
    "badges": 0
  },
  {
    "balance": 95049.0,
    "contribution": 69.58,
    "followers": 5218.0,
    "following": 588.0,
    "rank": 114.0,
    "trust": 726.0,
    "tvf": 139964744.0,
    "web3id": "sorokin",
    "badges": 0
  },
  {
    "balance": 14237.0,
    "contribution": 47.75,
    "followers": 2693.0,
    "following": 996.0,
    "rank": 115.0,
    "trust": 2099.0,
    "tvf": 105811755.0,
    "web3id": "Darth",
    "badges": 0
  },
  {
    "balance": 205122.0,
    "contribution": 91.81,
    "followers": 5133.0,
    "following": 506.0,
    "rank": 116.0,
    "trust": 3900.0,
    "tvf": 134830931.0,
    "web3id": "elonmoney",
    "badges": 0
  },
  {
    "balance": 124507.0,
    "contribution": 59.37,
    "followers": 1462.0,
    "following": 152.0,
    "rank": 117.0,
    "trust": 1384.0,
    "tvf": 115070352.0,
    "web3id": "earlycurve",
    "badges": 0
  },
  {
    "balance": 24965.0,
    "contribution": 42.82,
    "followers": 3872.0,
    "following": 695.0,
    "rank": 118.0,
    "trust": 6269.0,
    "tvf": 104719573.0,
    "web3id": "CryptoFreak",
    "badges": 0
  },
  {
    "balance": 300755.0,
    "contribution": 11.79,
    "followers": 1514.0,
    "following": 68.0,
    "rank": 119.0,
    "trust": 2046.0,
    "tvf": 112015253.0,
    "web3id": "Armads",
    "badges": 0
  },
  {
    "balance": 14124.0,
    "contribution": 33.58,
    "followers": 6454.0,
    "following": 462.0,
    "rank": 120.0,
    "trust": 4897.0,
    "tvf": 140274968.0,
    "web3id": "bitcoinduke",
    "badges": 0
  },
  {
    "balance": 457630.0,
    "contribution": 295.59,
    "followers": 10359.0,
    "following": 813.0,
    "rank": 121.0,
    "trust": 8731.0,
    "tvf": 299978291.0,
    "web3id": "Rainmaker",
    "badges": 0
  },
  {
    "balance": 5292.0,
    "contribution": 223.17,
    "followers": 2724.0,
    "following": 658.0,
    "rank": 122.0,
    "trust": 13700.0,
    "tvf": 99344091.0,
    "web3id": "vermi321",
    "badges": 0
  },
  {
    "balance": 11855.0,
    "contribution": 267.24,
    "followers": 4502.0,
    "following": 689.0,
    "rank": 123.0,
    "trust": 6593.0,
    "tvf": 76855771.0,
    "web3id": "koarts",
    "badges": 0
  },
  {
    "balance": 36571.0,
    "contribution": 86.22,
    "followers": 1339.0,
    "following": 194.0,
    "rank": 124.0,
    "trust": 3634.0,
    "tvf": 117967233.0,
    "web3id": "mugetssu",
    "badges": 0
  },
  {
    "balance": 105251.0,
    "contribution": 85.34,
    "followers": 3893.0,
    "following": 136.0,
    "rank": 125.0,
    "trust": 4506.0,
    "tvf": 163890214.0,
    "web3id": "trialaccountCP",
    "badges": 0
  },
  {
    "balance": 11309.0,
    "contribution": 118.86,
    "followers": 10475.0,
    "following": 62.0,
    "rank": 126.0,
    "trust": 4762.0,
    "tvf": 90973753.0,
    "web3id": "RoseannePark",
    "badges": 0
  },
  {
    "balance": 24827.0,
    "contribution": 107.71,
    "followers": 4546.0,
    "following": 880.0,
    "rank": 127.0,
    "trust": 2497.0,
    "tvf": 220004552.0,
    "web3id": "rinaki",
    "badges": 0
  },
  {
    "balance": 1723194.0,
    "contribution": 63.54,
    "followers": 5694.0,
    "following": 151.0,
    "rank": 128.0,
    "trust": 1782.0,
    "tvf": 217737790.0,
    "web3id": "Ramalinga",
    "badges": 0
  },
  {
    "balance": 42085.0,
    "contribution": 43.42,
    "followers": 4190.0,
    "following": 588.0,
    "rank": 129.0,
    "trust": 2592.0,
    "tvf": 107303328.0,
    "web3id": "klonka",
    "badges": 0
  },
  {
    "balance": 7944401.0,
    "contribution": 4.34,
    "followers": 6149.0,
    "following": 652.0,
    "rank": 130.0,
    "trust": 145.0,
    "tvf": 209774609.0,
    "web3id": "jokerbra",
    "badges": 0
  },
  {
    "balance": 39975.0,
    "contribution": 35.21,
    "followers": 2727.0,
    "following": 544.0,
    "rank": 131.0,
    "trust": 1809.0,
    "tvf": 103602797.0,
    "web3id": "Wikiblockchain",
    "badges": 0
  },
  {
    "balance": 620006.0,
    "contribution": 35.15,
    "followers": 6924.0,
    "following": 948.0,
    "rank": 132.0,
    "trust": 3613.0,
    "tvf": 199751433.0,
    "web3id": "hodlthedoor",
    "badges": 0
  },
  {
    "balance": 229329.0,
    "contribution": 116.01,
    "followers": 7863.0,
    "following": 420.0,
    "rank": 133.0,
    "trust": 2339.0,
    "tvf": 139881593.0,
    "web3id": "Guantanamoboy",
    "badges": 0
  },
  {
    "balance": 233364.0,
    "contribution": 216.52,
    "followers": 6702.0,
    "following": 1000.0,
    "rank": 134.0,
    "trust": 2643.0,
    "tvf": 138154576.0,
    "web3id": "airdropExpert",
    "badges": 0
  },
  {
    "balance": 29811.0,
    "contribution": 83.13,
    "followers": 6023.0,
    "following": 293.0,
    "rank": 135.0,
    "trust": 1641.0,
    "tvf": 103049914.0,
    "web3id": "crjobo",
    "badges": 0
  },
  {
    "balance": 46448.0,
    "contribution": 26.16,
    "followers": 3517.0,
    "following": 929.0,
    "rank": 136.0,
    "trust": 847.0,
    "tvf": 130146666.0,
    "web3id": "mike0182",
    "badges": 0
  },
  {
    "balance": 325006.0,
    "contribution": 105.06,
    "followers": 5061.0,
    "following": 183.0,
    "rank": 137.0,
    "trust": 2228.0,
    "tvf": 84491915.0,
    "web3id": "moonnft",
    "badges": 0
  },
  {
    "balance": 663259.0,
    "contribution": 0,
    "followers": 6617.0,
    "following": 524.0,
    "rank": 138.0,
    "trust": 1306.0,
    "tvf": 209971824.0,
    "web3id": "RichBuffalo",
    "badges": 0
  },
  {
    "balance": 426056.0,
    "contribution": 149.09,
    "followers": 4804.0,
    "following": 403.0,
    "rank": 139.0,
    "trust": 4020.0,
    "tvf": 162275110.0,
    "web3id": "zoho",
    "badges": 0
  },
  {
    "balance": 1745059.0,
    "contribution": 79.31,
    "followers": 7590.0,
    "following": 416.0,
    "rank": 140.0,
    "trust": 591.0,
    "tvf": 284031147.0,
    "web3id": "fulmer",
    "badges": 0
  },
  {
    "balance": 148862.0,
    "contribution": 68.73,
    "followers": 2337.0,
    "following": 113.0,
    "rank": 141.0,
    "trust": 1202.0,
    "tvf": 166110542.0,
    "web3id": "aliev",
    "badges": 0
  },
  {
    "balance": 5058489.0,
    "contribution": 3.76,
    "followers": 4692.0,
    "following": 217.0,
    "rank": 142.0,
    "trust": 1066.0,
    "tvf": 292993514.0,
    "web3id": "Safefarmer",
    "badges": 0
  },
  {
    "balance": 555546.0,
    "contribution": 1.64,
    "followers": 1909.0,
    "following": 53.0,
    "rank": 143.0,
    "trust": 1911.0,
    "tvf": 35821441.0,
    "web3id": "bankteller",
    "badges": 0
  },
  {
    "balance": 8793.0,
    "contribution": 58.38,
    "followers": 5964.0,
    "following": 986.0,
    "rank": 144.0,
    "trust": 3075.0,
    "tvf": 177658384.0,
    "web3id": "zkevm",
    "badges": 0
  },
  {
    "balance": 13523.0,
    "contribution": 121.46,
    "followers": 3474.0,
    "following": 997.0,
    "rank": 145.0,
    "trust": 6882.0,
    "tvf": 182085413.0,
    "web3id": "DeCrypto",
    "badges": 0
  },
  {
    "balance": 20853.0,
    "contribution": 63.63,
    "followers": 3602.0,
    "following": 581.0,
    "rank": 146.0,
    "trust": 1752.0,
    "tvf": 157080928.0,
    "web3id": "Tuczky",
    "badges": 0
  },
  {
    "balance": 427735.0,
    "contribution": 80.3,
    "followers": 4454.0,
    "following": 212.0,
    "rank": 147.0,
    "trust": 12400.0,
    "tvf": 201089782.0,
    "web3id": "yieldenjoyer",
    "badges": 0
  },
  {
    "balance": 10179.0,
    "contribution": 111.55,
    "followers": 1650.0,
    "following": 708.0,
    "rank": 148.0,
    "trust": 2842.0,
    "tvf": 151868968.0,
    "web3id": "sh1t",
    "badges": 0
  },
  {
    "balance": 19061.0,
    "contribution": 82.27,
    "followers": 3655.0,
    "following": 147.0,
    "rank": 149.0,
    "trust": 4843.0,
    "tvf": 119757230.0,
    "web3id": "cook",
    "badges": 0
  },
  {
    "balance": 315042.0,
    "contribution": 34.9,
    "followers": 4509.0,
    "following": 274.0,
    "rank": 150.0,
    "trust": 887.0,
    "tvf": 268602090.0,
    "web3id": "love2bluff",
    "badges": 0
  },
  {
    "balance": 37974.0,
    "contribution": 88.12,
    "followers": 3964.0,
    "following": 526.0,
    "rank": 151.0,
    "trust": 1204.0,
    "tvf": 103407604.0,
    "web3id": "DonInvest",
    "badges": 0
  },
  {
    "balance": 771070.0,
    "contribution": 13.4,
    "followers": 3106.0,
    "following": 690.0,
    "rank": 152.0,
    "trust": 1142.0,
    "tvf": 203002709.0,
    "web3id": "ETH_Believer",
    "badges": 0
  },
  {
    "balance": 2872.0,
    "contribution": 97.92,
    "followers": 4402.0,
    "following": 962.0,
    "rank": 153.0,
    "trust": 4489.0,
    "tvf": 186687616.0,
    "web3id": "Sufidyanov",
    "badges": 0
  },
  {
    "balance": 241125.0,
    "contribution": 51.22,
    "followers": 6102.0,
    "following": 508.0,
    "rank": 154.0,
    "trust": 4098.0,
    "tvf": 63126149.0,
    "web3id": "Osborne",
    "badges": 0
  },
  {
    "balance": 10316226.0,
    "contribution": 13.91,
    "followers": 1346.0,
    "following": 70.0,
    "rank": 155.0,
    "trust": 971.0,
    "tvf": 72429849.0,
    "web3id": "crypto_hunter",
    "badges": 0
  },
  {
    "balance": 699724.0,
    "contribution": 75.12,
    "followers": 4281.0,
    "following": 956.0,
    "rank": 156.0,
    "trust": 1654.0,
    "tvf": 198685366.0,
    "web3id": "DeTravis",
    "badges": 0
  },
  {
    "balance": 2594.0,
    "contribution": 86.09,
    "followers": 4645.0,
    "following": 776.0,
    "rank": 157.0,
    "trust": 4515.0,
    "tvf": 172263945.0,
    "web3id": "0eth",
    "badges": 0
  },
  {
    "balance": 97551.0,
    "contribution": 81.62,
    "followers": 7776.0,
    "following": 226.0,
    "rank": 158.0,
    "trust": 7737.0,
    "tvf": 136705649.0,
    "web3id": "pompom",
    "badges": 0
  },
  {
    "balance": 363111.0,
    "contribution": 0,
    "followers": 1658.0,
    "following": 100.0,
    "rank": 159.0,
    "trust": 3099.0,
    "tvf": 97777067.0,
    "web3id": "LikeZimaBlue",
    "badges": 0
  },
  {
    "balance": 218827.0,
    "contribution": 17.48,
    "followers": 2543.0,
    "following": 325.0,
    "rank": 160.0,
    "trust": 1703.0,
    "tvf": 161453790.0,
    "web3id": "tino",
    "badges": 0
  },
  {
    "balance": 31875.0,
    "contribution": 281.12,
    "followers": 6452.0,
    "following": 978.0,
    "rank": 161.0,
    "trust": 2248.0,
    "tvf": 142659566.0,
    "web3id": "gachimuchi",
    "badges": 0
  },
  {
    "balance": 99851.0,
    "contribution": 82.27,
    "followers": 4168.0,
    "following": 464.0,
    "rank": 162.0,
    "trust": 6625.0,
    "tvf": 100349690.0,
    "web3id": "defitrader",
    "badges": 0
  },
  {
    "balance": 374192.0,
    "contribution": 85.27,
    "followers": 12830.0,
    "following": 775.0,
    "rank": 163.0,
    "trust": 5843.0,
    "tvf": 135786099.0,
    "web3id": "careless",
    "badges": 0
  },
  {
    "balance": 19764.0,
    "contribution": 287.68,
    "followers": 12059.0,
    "following": 988.0,
    "rank": 164.0,
    "trust": 2371.0,
    "tvf": 95831044.0,
    "web3id": "TOXIC",
    "badges": 0
  },
  {
    "balance": 22734.0,
    "contribution": 64.47,
    "followers": 3812.0,
    "following": 888.0,
    "rank": 165.0,
    "trust": 1486.0,
    "tvf": 137738440.0,
    "web3id": "ArcLing",
    "badges": 0
  },
  {
    "balance": 142252.0,
    "contribution": 20.43,
    "followers": 7563.0,
    "following": 4556.0,
    "rank": 166.0,
    "trust": 6619.0,
    "tvf": 111748717.0,
    "web3id": "TopTraiderXXX",
    "badges": 0
  }
]