[
    {
        "balance": 18863899.0,
        "contribution": 730.04,
        "followers": 43640,
        "following": 968,
        "id": "0x7bfee91193d9df2ac0bfe90191d40f23c773c060",
        "rank": 1,
        "rank_score": 0.740459,
        "trust": 42127,
        "trust_7d": 3300,
        "tvf": 663150623.0,
        "web3_id": "an0n"
    },
    {
        "balance": 30949011.0,
        "contribution": 138.52,
        "followers": 51435,
        "following": 987,
        "id": "0x66b870ddf78c975af5cd8edc6de25eca81791de1",
        "rank": 2,
        "rank_score": 0.733881,
        "trust": 29203,
        "trust_7d": 53,
        "tvf": 486698745.0,
        "web3_id": "a16z"
    },
    {
        "balance": 17818012.0,
        "contribution": 115.16,
        "followers": 55412,
        "following": 173,
        "id": "0xbdfa4f4492dd7b7cf211209c4791af8d52bf5c50",
        "rank": 3,
        "rank_score": 0.692445,
        "trust": 3104,
        "trust_7d": 14,
        "tvf": 686643369.0,
        "web3_id": "Ethereum"
    },
    {
        "balance": 16170522.0,
        "contribution": 874.46,
        "followers": 24471,
        "following": 981,
        "id": "0x171c53d55b1bcb725f660677d9e8bad7fd084282",
        "rank": 4,
        "rank_score": 0.684374,
        "trust": 22219,
        "trust_7d": 1691,
        "tvf": 471633257.0,
        "web3_id": "MoneyPrinter1"
    },
    {
        "balance": 29532514.0,
        "contribution": 180.19,
        "followers": 14595,
        "following": 546,
        "id": "0x3e8734ec146c981e3ed1f6b582d447dde701d90c",
        "rank": 5,
        "rank_score": 0.677395,
        "trust": 5400,
        "trust_7d": 644,
        "tvf": 358726469.0,
        "web3_id": "DeFiWhale"
    },
    {
        "balance": 17016861.0,
        "contribution": 89.58,
        "followers": 21578,
        "following": 993,
        "id": "0x33eecc48943aaeabb5328a25ff28eb85f67945c2",
        "rank": 6,
        "rank_score": 0.676544,
        "trust": 14367,
        "trust_7d": 13,
        "tvf": 430654715.0,
        "web3_id": "33EE"
    },
    {
        "balance": 1681757.0,
        "contribution": 485.07,
        "followers": 9105,
        "following": 982,
        "id": "0xa67b426eb6de4c24ecb3f778ed3f9c09ae0699cb",
        "rank": 7,
        "rank_score": 0.675825,
        "trust": 14195,
        "trust_7d": 4616,
        "tvf": 548443554.0,
        "web3_id": "BugsBunny"
    },
    {
        "balance": 97253.0,
        "contribution": 1255.35,
        "followers": 29962,
        "following": 996,
        "id": "0x9d17bb55b57b31329cf01aa7017948e398b277bc",
        "rank": 8,
        "rank_score": 0.669016,
        "trust": 61878,
        "trust_7d": 4845,
        "tvf": 701189019.0,
        "web3_id": "nerd"
    },
    {
        "balance": 2913815.0,
        "contribution": 228.96,
        "followers": 8041,
        "following": 168,
        "id": "0xbbbc35dfac3a00a03a8fde3540eca4f0e15c5e64",
        "rank": 9,
        "rank_score": 0.666044,
        "trust": 13662,
        "trust_7d": 1953,
        "tvf": 353256884.0,
        "web3_id": "0xbbbc"
    },
    {
        "balance": 632952.0,
        "contribution": 911.26,
        "followers": 37124,
        "following": 408,
        "id": "0xb72ed8401892466ea8af528c1af1d0524bc5e105",
        "rank": 10,
        "rank_score": 0.6648,
        "trust": 28418,
        "trust_7d": 834,
        "tvf": 413094722.0,
        "web3_id": "Gekko"
    },
    {
        "balance": 207146.0,
        "contribution": 867.27,
        "followers": 19504,
        "following": 208,
        "id": "0xbdcd88b1967b6e0e47df420e5882286776e74afb",
        "rank": 11,
        "rank_score": 0.660065,
        "trust": 64847,
        "trust_7d": 11596,
        "tvf": 523875827.0,
        "web3_id": "snehur"
    },
    {
        "balance": 19616659.0,
        "contribution": 10.65,
        "followers": 14254,
        "following": 366,
        "id": "0x47441bd9fb3441370cb5b6c4684a0104353aec66",
        "rank": 12,
        "rank_score": 0.654125,
        "trust": 5359,
        "trust_7d": 22,
        "tvf": 333189390.0,
        "web3_id": "Powerstake"
    },
    {
        "balance": 1098636.0,
        "contribution": 937.25,
        "followers": 17356,
        "following": 465,
        "id": "0x0edefa91e99da1eddd1372c1743a63b1595fc413",
        "rank": 13,
        "rank_score": 0.65179,
        "trust": 21009,
        "trust_7d": 1408,
        "tvf": 419256113.0,
        "web3_id": "Enerow"
    },
    {
        "balance": 432207.0,
        "contribution": 248.98,
        "followers": 50595,
        "following": 285,
        "id": "0x0228028a0c92cfd9743e561a96b16edbb4606054",
        "rank": 14,
        "rank_score": 0.650908,
        "trust": 49078,
        "trust_7d": 1007,
        "tvf": 622452754.0,
        "web3_id": "QUID"
    },
    {
        "balance": 12099212.0,
        "contribution": 169.56,
        "followers": 11109,
        "following": 779,
        "id": "0x41bc7d0687e6cea57fa26da78379dfdc5627c56d",
        "rank": 15,
        "rank_score": 0.64987,
        "trust": 1666,
        "trust_7d": 415,
        "tvf": 384699685.0,
        "web3_id": "just_a_guy"
    },
    {
        "balance": 6903851.0,
        "contribution": 208.99,
        "followers": 22517,
        "following": 446,
        "id": "0x5c9e30def85334e587cf36eb07bdd6a72bf1452d",
        "rank": 16,
        "rank_score": 0.649762,
        "trust": 9273,
        "trust_7d": 37,
        "tvf": 546110170.0,
        "web3_id": "TradFiWhale"
    },
    {
        "balance": 1541489.0,
        "contribution": 335.45,
        "followers": 16895,
        "following": 496,
        "id": "0x87f16c31e32ae543278f5194cf94862f1cb1eee0",
        "rank": 17,
        "rank_score": 0.648578,
        "trust": 5280,
        "trust_7d": 300,
        "tvf": 578093806.0,
        "web3_id": "VY100"
    },
    {
        "balance": 5684.0,
        "contribution": 314.02,
        "followers": 14452,
        "following": 454,
        "id": "0x5a27d268e830655e908a0a2c3b24f572695af5e8",
        "rank": 18,
        "rank_score": 0.645778,
        "trust": 22742,
        "trust_7d": 1615,
        "tvf": 310374754.0,
        "web3_id": "bykur"
    },
    {
        "balance": 370615.0,
        "contribution": 140.66,
        "followers": 3682,
        "following": 794,
        "id": "0xfb7c1d49e006eaddff2385c7ef8b0c5cf49d038a",
        "rank": 19,
        "rank_score": 0.64567,
        "trust": 3925,
        "trust_7d": 2383,
        "tvf": 233880803.0,
        "web3_id": "daaffy"
    },
    {
        "balance": 240973.0,
        "contribution": 402.03,
        "followers": 7775,
        "following": 89,
        "id": "0x0c86262354095fa35a21b58af3e0dd94d0ba767c",
        "rank": 20,
        "rank_score": 0.643023,
        "trust": 29762,
        "trust_7d": 4074,
        "tvf": 315473848.0,
        "web3_id": "YoungHustler"
    },
    {
        "balance": 7690571.0,
        "contribution": 435.9,
        "followers": 5996,
        "following": 955,
        "id": "0x4e5ed30e3b4eb39abce3c150f31e180a3ae5806e",
        "rank": 21,
        "rank_score": 0.639932,
        "trust": 17749,
        "trust_7d": 1579,
        "tvf": 228030797.0,
        "web3_id": "domconex"
    },
    {
        "balance": 344689.0,
        "contribution": 66.65,
        "followers": 30828,
        "following": 7,
        "id": "0xc1e42f862d202b4a0ed552c1145735ee088f6ccf",
        "rank": 22,
        "rank_score": 0.639219,
        "trust": 1882,
        "trust_7d": 35,
        "tvf": 343227147.0,
        "web3_id": "vitalik"
    },
    {
        "balance": 18800.0,
        "contribution": 171.5,
        "followers": 4837,
        "following": 615,
        "id": "0x78a18ddecda44f7d298d9b37512ed8a7f6b226c7",
        "rank": 23,
        "rank_score": 0.638997,
        "trust": 13515,
        "trust_7d": 1506,
        "tvf": 194796906.0,
        "web3_id": "nett"
    },
    {
        "balance": 32538.0,
        "contribution": 579.71,
        "followers": 16310,
        "following": 617,
        "id": "0xada7673b48d656a87cad01bcbafe6b1ee6d621ed",
        "rank": 24,
        "rank_score": 0.638489,
        "trust": 23027,
        "trust_7d": 4554,
        "tvf": 462658483.0,
        "web3_id": "cryptorun"
    },
    {
        "balance": 28222.0,
        "contribution": 197.7,
        "followers": 8196,
        "following": 417,
        "id": "0xd692e8e0dbd3b4b9dfefe0500f097c17abea4583",
        "rank": 25,
        "rank_score": 0.637486,
        "trust": 15812,
        "trust_7d": 2356,
        "tvf": 167934752.0,
        "web3_id": "phihung209"
    },
    {
        "balance": 232139.0,
        "contribution": 290.33,
        "followers": 9499,
        "following": 454,
        "id": "0x5d47e5d242a8f66a6286b0a2353868875f5d6068",
        "rank": 26,
        "rank_score": 0.636704,
        "trust": 2456,
        "trust_7d": 506,
        "tvf": 217370020.0,
        "web3_id": "Pandario"
    },
    {
        "balance": 58638.0,
        "contribution": 173.28,
        "followers": 5173,
        "following": 259,
        "id": "0x25954b95ea02df586e07688de9543eea5bae31d7",
        "rank": 27,
        "rank_score": 0.636387,
        "trust": 14252,
        "trust_7d": 2209,
        "tvf": 254597026.0,
        "web3_id": "FantomKing"
    },
    {
        "balance": 29090450.0,
        "contribution": 0.0,
        "followers": 35449,
        "following": 0,
        "id": "0xef764bac8a438e7e498c2e5fccf0f174c3e3f8db",
        "rank": 28,
        "rank_score": 0.636264,
        "trust": 0,
        "trust_7d": 0,
        "tvf": 438165665.0,
        "web3_id": "blurr"
    },
    {
        "balance": 705107.0,
        "contribution": 177.13,
        "followers": 12919,
        "following": 224,
        "id": "0x9ed2af9d4ab71740e4d63fab593be7e8701ea169",
        "rank": 29,
        "rank_score": 0.635278,
        "trust": 14963,
        "trust_7d": 1464,
        "tvf": 379182467.0,
        "web3_id": "yobit"
    },
    {
        "balance": 17690.0,
        "contribution": 133.33,
        "followers": 14465,
        "following": 999,
        "id": "0x786694b02f1d331be540e727f1f2a697c45b57e4",
        "rank": 30,
        "rank_score": 0.634989,
        "trust": 26077,
        "trust_7d": 2058,
        "tvf": 241931423.0,
        "web3_id": "x777"
    },
    {
        "balance": 313724.0,
        "contribution": 121.85,
        "followers": 3819,
        "following": 538,
        "id": "0x6671219099ea6ccc75eb3f4f4200d46a97b09a19",
        "rank": 31,
        "rank_score": 0.634081,
        "trust": 10829,
        "trust_7d": 2678,
        "tvf": 283566213.0,
        "web3_id": "Dantellox"
    },
    {
        "balance": 11742393.0,
        "contribution": 18.87,
        "followers": 8357,
        "following": 104,
        "id": "0x11d67fa925877813b744abc0917900c2b1d6eb81",
        "rank": 32,
        "rank_score": 0.632257,
        "trust": 1597,
        "trust_7d": 10,
        "tvf": 235065441.0,
        "web3_id": "Indodax"
    },
    {
        "balance": 534397.0,
        "contribution": 157.56,
        "followers": 5284,
        "following": 955,
        "id": "0xaa0c3d6fd25aa2c23aed2659197ef39aea306172",
        "rank": 33,
        "rank_score": 0.63149,
        "trust": 7650,
        "trust_7d": 2231,
        "tvf": 416417648.0,
        "web3_id": "TopBigSBHodler"
    },
    {
        "balance": 1592746.0,
        "contribution": 153.25,
        "followers": 10753,
        "following": 106,
        "id": "0x854f1269b659a727a2268ab86ff77cfb30bfb358",
        "rank": 34,
        "rank_score": 0.631065,
        "trust": 1194,
        "trust_7d": 54,
        "tvf": 261967681.0,
        "web3_id": "invictus369"
    },
    {
        "balance": 141089.0,
        "contribution": 223.01,
        "followers": 3554,
        "following": 439,
        "id": "0x50df7d6ef23c1e77dbcf49031a7f37e77e8fe0ba",
        "rank": 35,
        "rank_score": 0.630952,
        "trust": 10957,
        "trust_7d": 1615,
        "tvf": 189230325.0,
        "web3_id": "caybach"
    },
    {
        "balance": 22101.0,
        "contribution": 288.75,
        "followers": 7154,
        "following": 452,
        "id": "0x0bc208668fc26079a688dc02eaa7c3e395f41ea0",
        "rank": 36,
        "rank_score": 0.630867,
        "trust": 23876,
        "trust_7d": 1887,
        "tvf": 216693763.0,
        "web3_id": "padre"
    },
    {
        "balance": 6399767.0,
        "contribution": 105.0,
        "followers": 2572,
        "following": 193,
        "id": "0x0b32aa5c1e71715206fe29b7badb21ad95f272c0",
        "rank": 37,
        "rank_score": 0.63073,
        "trust": 1963,
        "trust_7d": 179,
        "tvf": 255582916.0,
        "web3_id": "cryptojazz"
    },
    {
        "balance": 138605.0,
        "contribution": 222.07,
        "followers": 8688,
        "following": 255,
        "id": "0xbcb4c8386c097589e7825aaeb9e7c6295835f1d6",
        "rank": 38,
        "rank_score": 0.63063,
        "trust": 5011,
        "trust_7d": 584,
        "tvf": 350931798.0,
        "web3_id": "alex"
    },
    {
        "balance": 22735.0,
        "contribution": 439.27,
        "followers": 5295,
        "following": 996,
        "id": "0xe79f6334107a5fca525104e11bd6ab9f160edfd8",
        "rank": 39,
        "rank_score": 0.630106,
        "trust": 25597,
        "trust_7d": 4190,
        "tvf": 330144021.0,
        "web3_id": "Slay"
    },
    {
        "balance": 5295833.0,
        "contribution": 48.04,
        "followers": 8143,
        "following": 480,
        "id": "0x0172e05392aba65366c4dbbb70d958bbf43304e4",
        "rank": 40,
        "rank_score": 0.629234,
        "trust": 8457,
        "trust_7d": 67,
        "tvf": 300523667.0,
        "web3_id": "IntelGroup"
    },
    {
        "balance": 282911.0,
        "contribution": 33.79,
        "followers": 7850,
        "following": 487,
        "id": "0xf7b10d603907658f690da534e9b7dbc4dab3e2d6",
        "rank": 41,
        "rank_score": 0.628744,
        "trust": 11605,
        "trust_7d": 84,
        "tvf": 236066588.0,
        "web3_id": "nmstarchild"
    },
    {
        "balance": 590883.0,
        "contribution": 140.47,
        "followers": 11748,
        "following": 531,
        "id": "0x5869458f360d8c1ce49e35fccb3d0a1f25e8d533",
        "rank": 42,
        "rank_score": 0.628707,
        "trust": 12897,
        "trust_7d": 1077,
        "tvf": 333644444.0,
        "web3_id": "SKAKUN"
    },
    {
        "balance": 12005.0,
        "contribution": 410.53,
        "followers": 10139,
        "following": 971,
        "id": "0x05bb279648e4e4cbcdecf2d4d6ec310999d444e7",
        "rank": 43,
        "rank_score": 0.628518,
        "trust": 26863,
        "trust_7d": 5554,
        "tvf": 260994934.0,
        "web3_id": "CryptoFortochka"
    },
    {
        "balance": 6658119.0,
        "contribution": 0.0,
        "followers": 30695,
        "following": 6,
        "id": "0x26fcbd3afebbe28d0a8684f790c48368d21665b5",
        "rank": 44,
        "rank_score": 0.628099,
        "trust": 1393,
        "trust_7d": 0,
        "tvf": 388094827.0,
        "web3_id": "EverydayWhale"
    },
    {
        "balance": 1938346.0,
        "contribution": 194.92,
        "followers": 6959,
        "following": 852,
        "id": "0x84a6a7c0674a3aa03e09c026600cb46181821f07",
        "rank": 45,
        "rank_score": 0.627641,
        "trust": 2907,
        "trust_7d": 143,
        "tvf": 236250432.0,
        "web3_id": "1f07"
    },
    {
        "balance": 7092.0,
        "contribution": 104.45,
        "followers": 3615,
        "following": 1000,
        "id": "0xb1c0d822e2cd6d564d71b50aa02fdee9d198943e",
        "rank": 46,
        "rank_score": 0.62745,
        "trust": 15647,
        "trust_7d": 2049,
        "tvf": 166942599.0,
        "web3_id": "Indonesia"
    },
    {
        "balance": 438041.0,
        "contribution": 364.35,
        "followers": 35882,
        "following": 668,
        "id": "0x14ff0bc9417b6796f79768729002a793b51205b8",
        "rank": 47,
        "rank_score": 0.626948,
        "trust": 40489,
        "trust_7d": 467,
        "tvf": 370955784.0,
        "web3_id": "defigen"
    },
    {
        "balance": 2102175.0,
        "contribution": 254.45,
        "followers": 13008,
        "following": 109,
        "id": "0x473d3a2005499301dc353afa9d0c9c5980b5188c",
        "rank": 48,
        "rank_score": 0.626933,
        "trust": 4314,
        "trust_7d": 101,
        "tvf": 340448854.0,
        "web3_id": "yieldfarming"
    },
    {
        "balance": 714251.0,
        "contribution": 416.59,
        "followers": 6391,
        "following": 165,
        "id": "0xbdc149340cc73b38aebde5f67bae146a1af9e0d6",
        "rank": 49,
        "rank_score": 0.626575,
        "trust": 18195,
        "trust_7d": 2926,
        "tvf": 256223235.0,
        "web3_id": "odysseys"
    },
    {
        "balance": 250983.0,
        "contribution": 703.48,
        "followers": 10841,
        "following": 997,
        "id": "0x36243ade16d74eedbb3f2b8b2ecf286f538ef5fd",
        "rank": 50,
        "rank_score": 0.625669,
        "trust": 55953,
        "trust_7d": 4215,
        "tvf": 338144044.0,
        "web3_id": "Doomer"
    },
    {
        "balance": 1779498.0,
        "contribution": 39.64,
        "followers": 9577,
        "following": 220,
        "id": "0x73051a64044fea61a6100eb0b55c9087be32cca3",
        "rank": 51,
        "rank_score": 0.625176,
        "trust": 2915,
        "trust_7d": 310,
        "tvf": 286923382.0,
        "web3_id": "DegenPanda"
    },
    {
        "balance": 60608.0,
        "contribution": 260.62,
        "followers": 5578,
        "following": 758,
        "id": "0x013cc394844aa993d73ca9a08d89dd6d046f3bcc",
        "rank": 52,
        "rank_score": 0.624739,
        "trust": 2761,
        "trust_7d": 1809,
        "tvf": 100779629.0,
        "web3_id": "FTXEXE"
    },
    {
        "balance": 312475.0,
        "contribution": 225.17,
        "followers": 7024,
        "following": 375,
        "id": "0xa2b16c27c0766a1df18892f7b0413b4f5806ee4d",
        "rank": 53,
        "rank_score": 0.624303,
        "trust": 4119,
        "trust_7d": 241,
        "tvf": 162619459.0,
        "web3_id": "ponziscam"
    },
    {
        "balance": 36136.0,
        "contribution": 259.82,
        "followers": 4027,
        "following": 935,
        "id": "0x97852657d38e6d4f4ba79c70ad6961bc384cba7e",
        "rank": 54,
        "rank_score": 0.62386,
        "trust": 9452,
        "trust_7d": 1471,
        "tvf": 358056688.0,
        "web3_id": "spart3x"
    },
    {
        "balance": 22922.0,
        "contribution": 96.25,
        "followers": 4090,
        "following": 619,
        "id": "0x4070e40fc3e382437ab7bac2249205d276bdd15a",
        "rank": 55,
        "rank_score": 0.622896,
        "trust": 8367,
        "trust_7d": 1249,
        "tvf": 112290706.0,
        "web3_id": "CryptoFreak"
    },
    {
        "balance": 145557.0,
        "contribution": 71.08,
        "followers": 7246,
        "following": 488,
        "id": "0xa734439d26ce4dbf43ed7eb364ec409d949bb369",
        "rank": 56,
        "rank_score": 0.62263,
        "trust": 2861,
        "trust_7d": 641,
        "tvf": 224448586.0,
        "web3_id": "Bogdan"
    },
    {
        "balance": 22268606.0,
        "contribution": 0.0,
        "followers": 12499,
        "following": 0,
        "id": "0x9026a229b535ecf0162dfe48fdeb3c75f7b2a7ae",
        "rank": 57,
        "rank_score": 0.622036,
        "trust": 183,
        "trust_7d": 0,
        "tvf": 324209529.0,
        "web3_id": "CZSamSun"
    },
    {
        "balance": 14948.0,
        "contribution": 148.97,
        "followers": 4925,
        "following": 634,
        "id": "0xba181deb98afc2202202c9aebf26b18f46d70497",
        "rank": 58,
        "rank_score": 0.621889,
        "trust": 5460,
        "trust_7d": 351,
        "tvf": 159254568.0,
        "web3_id": "snggamer"
    },
    {
        "balance": 2271183.0,
        "contribution": 70.75,
        "followers": 4185,
        "following": 58,
        "id": "0xd310a932cb1db29cdeff5a7b6fc34ac7b4f0ed8c",
        "rank": 59,
        "rank_score": 0.621734,
        "trust": 1370,
        "trust_7d": 59,
        "tvf": 142805414.0,
        "web3_id": "enzo"
    },
    {
        "balance": 12204.0,
        "contribution": 274.35,
        "followers": 9753,
        "following": 949,
        "id": "0x744f617343f03bb7c9d52a6d84f87aa4b1017fac",
        "rank": 60,
        "rank_score": 0.621444,
        "trust": 23824,
        "trust_7d": 1301,
        "tvf": 123843392.0,
        "web3_id": "luzerne"
    },
    {
        "balance": 31335.0,
        "contribution": 192.3,
        "followers": 2140,
        "following": 84,
        "id": "0xeae5a1314509d4e1fb0066e7b87df8092fe073b3",
        "rank": 61,
        "rank_score": 0.621236,
        "trust": 7240,
        "trust_7d": 2610,
        "tvf": 103416948.0,
        "web3_id": "dimmix_ua"
    },
    {
        "balance": 98678.0,
        "contribution": 117.81,
        "followers": 12177,
        "following": 750,
        "id": "0x5dac9ccc215b9af65b486066786f79d9aa0043da",
        "rank": 62,
        "rank_score": 0.621127,
        "trust": 6050,
        "trust_7d": 95,
        "tvf": 371487025.0,
        "web3_id": "DeFiGod"
    },
    {
        "balance": 411174.0,
        "contribution": 454.61,
        "followers": 10461,
        "following": 741,
        "id": "0x862b4167e67f3ba9ed662d8ea2d0b9a40b49714b",
        "rank": 63,
        "rank_score": 0.620159,
        "trust": 12187,
        "trust_7d": 1712,
        "tvf": 279975206.0,
        "web3_id": "Rainmaker"
    },
    {
        "balance": 46085.0,
        "contribution": 145.27,
        "followers": 4240,
        "following": 920,
        "id": "0xb968dcad041665fafa8289177330300c01c0ccf9",
        "rank": 64,
        "rank_score": 0.62005,
        "trust": 16413,
        "trust_7d": 2605,
        "tvf": 162816024.0,
        "web3_id": "Jacob_Land"
    },
    {
        "balance": 1602437.0,
        "contribution": 29.4,
        "followers": 13951,
        "following": 8,
        "id": "0x6f9bb7e454f5b3eb2310343f0e99269dc2bb8a1d",
        "rank": 65,
        "rank_score": 0.62004,
        "trust": 1550,
        "trust_7d": 0,
        "tvf": 265584825.0,
        "web3_id": "cp0x_1"
    },
    {
        "balance": 11757.0,
        "contribution": 104.93,
        "followers": 5678,
        "following": 797,
        "id": "0xdf974829f6d977370b21e065ae445390cb9d010c",
        "rank": 66,
        "rank_score": 0.619423,
        "trust": 7572,
        "trust_7d": 1836,
        "tvf": 174478391.0,
        "web3_id": "Renegade06"
    },
    {
        "balance": 317344.0,
        "contribution": 184.3,
        "followers": 5878,
        "following": 219,
        "id": "0xf916719c7251e109cf3d1a977b6cad198b630c32",
        "rank": 67,
        "rank_score": 0.61883,
        "trust": 3642,
        "trust_7d": 772,
        "tvf": 151729222.0,
        "web3_id": "moonnft"
    },
    {
        "balance": 2828229.0,
        "contribution": 161.74,
        "followers": 5828,
        "following": 266,
        "id": "0x5baac7ccda079839c9524b90df81720834fc039f",
        "rank": 68,
        "rank_score": 0.618731,
        "trust": 3625,
        "trust_7d": 422,
        "tvf": 393155667.0,
        "web3_id": "Octoshi"
    },
    {
        "balance": 202007.0,
        "contribution": 232.89,
        "followers": 8867,
        "following": 940,
        "id": "0x8b9869a87d5d5128eb742fbaed44441e90327e10",
        "rank": 69,
        "rank_score": 0.61856,
        "trust": 4701,
        "trust_7d": 1367,
        "tvf": 192427108.0,
        "web3_id": "airdropExpert"
    },
    {
        "balance": 6707647.0,
        "contribution": 45.17,
        "followers": 8818,
        "following": 996,
        "id": "0x614d98a57a5d879d717152de0690ed2b04562ade",
        "rank": 70,
        "rank_score": 0.618389,
        "trust": 607,
        "trust_7d": 24,
        "tvf": 322533107.0,
        "web3_id": "ZeroPants"
    },
    {
        "balance": 69620.0,
        "contribution": 70.96,
        "followers": 6298,
        "following": 599,
        "id": "0x033d815f4fb30b2459a396e004c5a7ecfe30ec39",
        "rank": 71,
        "rank_score": 0.617988,
        "trust": 1132,
        "trust_7d": 319,
        "tvf": 143268783.0,
        "web3_id": "sorokin"
    },
    {
        "balance": 7645837.0,
        "contribution": 13.47,
        "followers": 9646,
        "following": 401,
        "id": "0xd92293daca6bbed57f8cb6d498b48ea93e035e99",
        "rank": 72,
        "rank_score": 0.61789,
        "trust": 2909,
        "trust_7d": 17,
        "tvf": 410848989.0,
        "web3_id": "4What"
    },
    {
        "balance": 415563.0,
        "contribution": 244.08,
        "followers": 5052,
        "following": 441,
        "id": "0x8e100ca591bba6ce8b1d174f14312d3dbc066c3c",
        "rank": 73,
        "rank_score": 0.617863,
        "trust": 6041,
        "trust_7d": 1423,
        "tvf": 214149326.0,
        "web3_id": "zoho"
    },
    {
        "balance": 14561.0,
        "contribution": 156.39,
        "followers": 5059,
        "following": 323,
        "id": "0xf58d15f9913829e1b61e92399dc77b082e6825a1",
        "rank": 74,
        "rank_score": 0.617698,
        "trust": 5282,
        "trust_7d": 656,
        "tvf": 107476624.0,
        "web3_id": "romank"
    },
    {
        "balance": 4077475.0,
        "contribution": 62.29,
        "followers": 4014,
        "following": 373,
        "id": "0xe1f8afc92644bfe77080d7dcb0f936f578e00f53",
        "rank": 75,
        "rank_score": 0.617306,
        "trust": 3198,
        "trust_7d": 69,
        "tvf": 232971166.0,
        "web3_id": "CryptoBatDog"
    },
    {
        "balance": 2445365.0,
        "contribution": 109.07,
        "followers": 6732,
        "following": 986,
        "id": "0xf567361ff0bcdcad1252c8e2fb8e5d4a9bb4e266",
        "rank": 76,
        "rank_score": 0.616738,
        "trust": 1354,
        "trust_7d": 36,
        "tvf": 248903222.0,
        "web3_id": "JordanBelfort"
    },
    {
        "balance": 37854.0,
        "contribution": 203.99,
        "followers": 8046,
        "following": 963,
        "id": "0xc32b7438b3df7844c9ee799930a2224fe6e26426",
        "rank": 77,
        "rank_score": 0.616596,
        "trust": 3785,
        "trust_7d": 468,
        "tvf": 159022354.0,
        "web3_id": "MrBlueSky"
    },
    {
        "balance": 38182.0,
        "contribution": 219.27,
        "followers": 6437,
        "following": 952,
        "id": "0x0e367b5db0ca2e68faad3b9e850155956b0f9e6b",
        "rank": 78,
        "rank_score": 0.616459,
        "trust": 3860,
        "trust_7d": 1290,
        "tvf": 133174672.0,
        "web3_id": "KayaDesignArt"
    },
    {
        "balance": 1502265.0,
        "contribution": 64.79,
        "followers": 8660,
        "following": 268,
        "id": "0x90c0bf8d71369d21f8addf0da33d21dcb0b1c384",
        "rank": 79,
        "rank_score": 0.616346,
        "trust": 1560,
        "trust_7d": 4,
        "tvf": 272760123.0,
        "web3_id": "nelsonmandela"
    },
    {
        "balance": 435947.0,
        "contribution": 132.28,
        "followers": 7205,
        "following": 83,
        "id": "0xde3ba1b41e6c612a3ca3213b84bdaf598dffdb9b",
        "rank": 80,
        "rank_score": 0.616154,
        "trust": 2292,
        "trust_7d": 90,
        "tvf": 171101439.0,
        "web3_id": "fourpoops"
    },
    {
        "balance": 2675240.0,
        "contribution": 5.78,
        "followers": 9986,
        "following": 847,
        "id": "0x7ac34681f6aaeb691e150c43ee494177c0e2c183",
        "rank": 81,
        "rank_score": 0.61614,
        "trust": 818,
        "trust_7d": 3,
        "tvf": 298495259.0,
        "web3_id": "Admiral"
    },
    {
        "balance": 108904.0,
        "contribution": 178.73,
        "followers": 3176,
        "following": 793,
        "id": "0xa6ed26749cb54591291b4550a82f15ff64ae98d9",
        "rank": 82,
        "rank_score": 0.615809,
        "trust": 7684,
        "trust_7d": 762,
        "tvf": 266756996.0,
        "web3_id": "hannry"
    },
    {
        "balance": 35452.0,
        "contribution": 147.98,
        "followers": 1982,
        "following": 229,
        "id": "0xcc5410dfa396db634428405e81ba6cf79337af73",
        "rank": 83,
        "rank_score": 0.615522,
        "trust": 5621,
        "trust_7d": 1143,
        "tvf": 134276447.0,
        "web3_id": "mugetssu"
    },
    {
        "balance": 2992.0,
        "contribution": 187.38,
        "followers": 4793,
        "following": 995,
        "id": "0x88eeb79b0cce7000142bbb474562663b4ab623db",
        "rank": 84,
        "rank_score": 0.615097,
        "trust": 6985,
        "trust_7d": 1563,
        "tvf": 170660928.0,
        "web3_id": "Sufidyanov"
    },
    {
        "balance": 91769.0,
        "contribution": 99.94,
        "followers": 4680,
        "following": 770,
        "id": "0x35e2a11f743a43f00381a0aeb6764322ef1eb788",
        "rank": 85,
        "rank_score": 0.614843,
        "trust": 2675,
        "trust_7d": 895,
        "tvf": 240495924.0,
        "web3_id": "Kapibara"
    },
    {
        "balance": 19520.0,
        "contribution": 127.45,
        "followers": 6067,
        "following": 616,
        "id": "0x5c797bbeefc7aa6124ec07ea6a0c581d9cb48fa7",
        "rank": 86,
        "rank_score": 0.614747,
        "trust": 7909,
        "trust_7d": 1133,
        "tvf": 119534287.0,
        "web3_id": "EvilDoom"
    },
    {
        "balance": 345302.0,
        "contribution": 161.29,
        "followers": 15524,
        "following": 233,
        "id": "0x7532a9e3e9475337c8a907428e35932a20959fdf",
        "rank": 87,
        "rank_score": 0.61474,
        "trust": 9553,
        "trust_7d": 409,
        "tvf": 339116682.0,
        "web3_id": "ngmi"
    },
    {
        "balance": 180001.0,
        "contribution": 71.04,
        "followers": 7220,
        "following": 983,
        "id": "0xc69ae428f6049e78d445f053d2c1df879c59b34c",
        "rank": 88,
        "rank_score": 0.614518,
        "trust": 9137,
        "trust_7d": 463,
        "tvf": 253668872.0,
        "web3_id": "Punkk"
    },
    {
        "balance": 362239.0,
        "contribution": 99.24,
        "followers": 1782,
        "following": 242,
        "id": "0x544a40955ba1c7e56e161a59e1319e3313c25251",
        "rank": 89,
        "rank_score": 0.614332,
        "trust": 1161,
        "trust_7d": 62,
        "tvf": 162495066.0,
        "web3_id": "LissStern"
    },
    {
        "balance": 23687.0,
        "contribution": 200.32,
        "followers": 3903,
        "following": 987,
        "id": "0xfe5021168d36b8af7d5ddbd98c5baea8b69b42f4",
        "rank": 90,
        "rank_score": 0.614016,
        "trust": 19032,
        "trust_7d": 2501,
        "tvf": 191671925.0,
        "web3_id": "VietnamPenguin"
    },
    {
        "balance": 716651.0,
        "contribution": 72.54,
        "followers": 5007,
        "following": 500,
        "id": "0x1d214979316b66b5760b142b63b63506506189b4",
        "rank": 91,
        "rank_score": 0.613763,
        "trust": 3383,
        "trust_7d": 95,
        "tvf": 325077507.0,
        "web3_id": "SungilYou"
    },
    {
        "balance": 240738.0,
        "contribution": 106.2,
        "followers": 3497,
        "following": 520,
        "id": "0x8f9be4310f9abb0e5843cc6363908c9b01dfeb3f",
        "rank": 92,
        "rank_score": 0.61375,
        "trust": 3388,
        "trust_7d": 199,
        "tvf": 150775104.0,
        "web3_id": "TheGreyOne"
    },
    {
        "balance": 604023.0,
        "contribution": 43.05,
        "followers": 6599,
        "following": 39,
        "id": "0x6cd68e8f04490cd1a5a21cc97cc8bc15b47dc9eb",
        "rank": 93,
        "rank_score": 0.613524,
        "trust": 2596,
        "trust_7d": 0,
        "tvf": 342784096.0,
        "web3_id": "kirby"
    },
    {
        "balance": 19981.0,
        "contribution": 379.3,
        "followers": 12006,
        "following": 995,
        "id": "0x69155e7ca2e688ccdc247f6c4ddf374b3ae77bd6",
        "rank": 94,
        "rank_score": 0.613495,
        "trust": 11869,
        "trust_7d": 541,
        "tvf": 133516259.0,
        "web3_id": "MrBang"
    },
    {
        "balance": 96003.0,
        "contribution": 103.02,
        "followers": 15420,
        "following": 393,
        "id": "0xc0bc7bbc9afa9b0577d10bd3eb636c8d3ab841d3",
        "rank": 95,
        "rank_score": 0.613126,
        "trust": 6563,
        "trust_7d": 224,
        "tvf": 239447721.0,
        "web3_id": "RmnZ"
    },
    {
        "balance": 4036.0,
        "contribution": 167.74,
        "followers": 10740,
        "following": 1000,
        "id": "0x48d5358dd76badef59b79187e457c80ad0c464a6",
        "rank": 96,
        "rank_score": 0.613109,
        "trust": 21130,
        "trust_7d": 1270,
        "tvf": 190532343.0,
        "web3_id": "PBT_LISA"
    },
    {
        "balance": 293650.0,
        "contribution": 160.53,
        "followers": 4486,
        "following": 540,
        "id": "0x9e8c646220613d68eaf2b947f46c2b4f52bf3f45",
        "rank": 97,
        "rank_score": 0.611549,
        "trust": 3359,
        "trust_7d": 134,
        "tvf": 168343756.0,
        "web3_id": "Gener8"
    },
    {
        "balance": 76496.0,
        "contribution": 89.97,
        "followers": 3643,
        "following": 959,
        "id": "0x9c20b6eb1452e6ad77d67a8b5d86fddc384e93f3",
        "rank": 98,
        "rank_score": 0.611444,
        "trust": 12885,
        "trust_7d": 2086,
        "tvf": 191928675.0,
        "web3_id": "DeFiance"
    },
    {
        "balance": 278030.0,
        "contribution": 303.81,
        "followers": 7423,
        "following": 615,
        "id": "0xef7b7bfbc73931d230d4ff165e532d2d2248d1d1",
        "rank": 99,
        "rank_score": 0.611438,
        "trust": 12290,
        "trust_7d": 5017,
        "tvf": 247195563.0,
        "web3_id": "elonmoney"
    },
    {
        "balance": 147056.0,
        "contribution": 231.56,
        "followers": 3029,
        "following": 474,
        "id": "0x78b766de19f43b6cf12f04106b24f23ef37b766f",
        "rank": 100,
        "rank_score": 0.611134,
        "trust": 6178,
        "trust_7d": 2602,
        "tvf": 135624356.0,
        "web3_id": "pumpitup"
    },
    {
        "balance": 33187.0,
        "contribution": 425.31,
        "followers": 6969,
        "following": 423,
        "id": "0xd16f4529c9e88eecc04a04f2ee9fdfd05f6b4a01",
        "rank": 101,
        "rank_score": 0.610998,
        "trust": 9795,
        "trust_7d": 4936,
        "tvf": 420011211.0,
        "web3_id": "DeFi_Club"
    },
    {
        "balance": 407638.0,
        "contribution": 49.91,
        "followers": 2390,
        "following": 33,
        "id": "0xcb726f13479963934e91b6f34b6e87ec69c21bb9",
        "rank": 102,
        "rank_score": 0.61056,
        "trust": 908,
        "trust_7d": 252,
        "tvf": 153942260.0,
        "web3_id": "omanizen"
    },
    {
        "balance": 36700.0,
        "contribution": 216.89,
        "followers": 17567,
        "following": 379,
        "id": "0xcedafb4137505a23238e225378293e6c0fde1745",
        "rank": 103,
        "rank_score": 0.610502,
        "trust": 33685,
        "trust_7d": 675,
        "tvf": 222363341.0,
        "web3_id": "Richie_Rich"
    },
    {
        "balance": 750063.0,
        "contribution": 63.84,
        "followers": 3217,
        "following": 182,
        "id": "0x22510fe99f63ae03ba792c21a29ec10fd87cae08",
        "rank": 104,
        "rank_score": 0.610329,
        "trust": 1694,
        "trust_7d": 45,
        "tvf": 102428159.0,
        "web3_id": "Coinduke"
    },
    {
        "balance": 24338.0,
        "contribution": 202.78,
        "followers": 3441,
        "following": 904,
        "id": "0x631ab8eb40588543df900263f864b6376d56a587",
        "rank": 105,
        "rank_score": 0.609863,
        "trust": 3227,
        "trust_7d": 849,
        "tvf": 125713115.0,
        "web3_id": "tencent"
    },
    {
        "balance": 561712.0,
        "contribution": 126.77,
        "followers": 6308,
        "following": 814,
        "id": "0x4d3711c1effbc584127f03b3c3054f18f0cb3870",
        "rank": 106,
        "rank_score": 0.60971,
        "trust": 3661,
        "trust_7d": 491,
        "tvf": 248558978.0,
        "web3_id": "eblan"
    },
    {
        "balance": 505181.0,
        "contribution": 42.84,
        "followers": 4739,
        "following": 891,
        "id": "0x2130fd01026867a6c8dde24ad5e64f2e2dfce196",
        "rank": 107,
        "rank_score": 0.609411,
        "trust": 2865,
        "trust_7d": 104,
        "tvf": 153158562.0,
        "web3_id": "monkey777"
    },
    {
        "balance": 331826.0,
        "contribution": 31.43,
        "followers": 5448,
        "following": 546,
        "id": "0x002ee33092457900515a4249e3ec1cd2b2dc8c32",
        "rank": 108,
        "rank_score": 0.609273,
        "trust": 2562,
        "trust_7d": 289,
        "tvf": 176289965.0,
        "web3_id": "6TO9"
    },
    {
        "balance": 824669.0,
        "contribution": 7.99,
        "followers": 3627,
        "following": 139,
        "id": "0x0b0e3ebe78b965bd0ae25a7c5c1cc8cff23a07e7",
        "rank": 109,
        "rank_score": 0.609107,
        "trust": 3690,
        "trust_7d": 8,
        "tvf": 171611547.0,
        "web3_id": "TycoonT"
    },
    {
        "balance": 325023.0,
        "contribution": 36.85,
        "followers": 5934,
        "following": 333,
        "id": "0x52d9a78afbab0c9c20ca2b1a50c727a8065f1e54",
        "rank": 110,
        "rank_score": 0.607771,
        "trust": 5834,
        "trust_7d": 371,
        "tvf": 180081899.0,
        "web3_id": "Judge7777"
    },
    {
        "balance": 125127.0,
        "contribution": 72.77,
        "followers": 3248,
        "following": 157,
        "id": "0x9a593a0e3372e16b19521c176889472919c3c78c",
        "rank": 111,
        "rank_score": 0.607734,
        "trust": 2525,
        "trust_7d": 43,
        "tvf": 159869147.0,
        "web3_id": "deeppee"
    },
    {
        "balance": 145829.0,
        "contribution": 194.33,
        "followers": 8290,
        "following": 1791,
        "id": "0xbdb7819a671b83e04800a98e00294a67d7d2ec7a",
        "rank": 112,
        "rank_score": 0.607723,
        "trust": 10267,
        "trust_7d": 1551,
        "tvf": 148769242.0,
        "web3_id": "Millionaire"
    },
    {
        "balance": 540853.0,
        "contribution": 0.14,
        "followers": 5464,
        "following": 734,
        "id": "0xc64844d9b3db280a6e46c1431e2229cd62dd2d69",
        "rank": 113,
        "rank_score": 0.606711,
        "trust": 2118,
        "trust_7d": 18,
        "tvf": 250063059.0,
        "web3_id": "Bankrupt"
    },
    {
        "balance": 12885.0,
        "contribution": 55.73,
        "followers": 3190,
        "following": 556,
        "id": "0x682a8bbc3398c7a22ae0e7876017352ccdc55841",
        "rank": 114,
        "rank_score": 0.606192,
        "trust": 5822,
        "trust_7d": 409,
        "tvf": 239709595.0,
        "web3_id": "krhpk"
    },
    {
        "balance": 10907.0,
        "contribution": 60.47,
        "followers": 2612,
        "following": 773,
        "id": "0xdb5393a5056759f966f441df8ee1c9b5c09ec397",
        "rank": 115,
        "rank_score": 0.606103,
        "trust": 1577,
        "trust_7d": 775,
        "tvf": 137314971.0,
        "web3_id": "harris"
    },
    {
        "balance": 313745.0,
        "contribution": 277.37,
        "followers": 8421,
        "following": 1871,
        "id": "0x6b62909ad3f315833a5e5062b670034a3016910b",
        "rank": 116,
        "rank_score": 0.606013,
        "trust": 5099,
        "trust_7d": 260,
        "tvf": 156209549.0,
        "web3_id": "meta"
    },
    {
        "balance": 13954.0,
        "contribution": 52.34,
        "followers": 3130,
        "following": 999,
        "id": "0x93907de38066d70109935732757b625d636e47b6",
        "rank": 117,
        "rank_score": 0.604837,
        "trust": 2882,
        "trust_7d": 299,
        "tvf": 104086879.0,
        "web3_id": "Darth"
    },
    {
        "balance": 32084.0,
        "contribution": 375.19,
        "followers": 7134,
        "following": 973,
        "id": "0x9d4763052f5a4a5e990234a65acdb1190330bed3",
        "rank": 118,
        "rank_score": 0.604768,
        "trust": 5619,
        "trust_7d": 1979,
        "tvf": 204457580.0,
        "web3_id": "gachimuchi"
    },
    {
        "balance": 21480.0,
        "contribution": 115.02,
        "followers": 3987,
        "following": 587,
        "id": "0x730bbe154972f467062b3d91130ad36e67e55ca2",
        "rank": 119,
        "rank_score": 0.604676,
        "trust": 8662,
        "trust_7d": 161,
        "tvf": 166257295.0,
        "web3_id": "D1ke"
    },
    {
        "balance": 15395.0,
        "contribution": 83.84,
        "followers": 2862,
        "following": 625,
        "id": "0x7d0e096c7cc8294c6ff344313565d1363f58b136",
        "rank": 120,
        "rank_score": 0.604263,
        "trust": 2478,
        "trust_7d": 26,
        "tvf": 125622121.0,
        "web3_id": "cappuccino"
    },
    {
        "balance": 4794.0,
        "contribution": 179.22,
        "followers": 3599,
        "following": 793,
        "id": "0x4c81c1d6fb83f063ccc7eb50400569bf830b5492",
        "rank": 121,
        "rank_score": 0.603998,
        "trust": 16377,
        "trust_7d": 1072,
        "tvf": 100018900.0,
        "web3_id": "vermi321"
    },
    {
        "balance": 12953.0,
        "contribution": 195.46,
        "followers": 11826,
        "following": 167,
        "id": "0x9c01b839c6091e519fd4749efa8b81e190c6d892",
        "rank": 122,
        "rank_score": 0.603978,
        "trust": 7086,
        "trust_7d": 1365,
        "tvf": 90495412.0,
        "web3_id": "RoseannePark"
    },
    {
        "balance": 743133.0,
        "contribution": 17.15,
        "followers": 3167,
        "following": 714,
        "id": "0x1395f53b0472827c78964316a7f5595f302e10c9",
        "rank": 123,
        "rank_score": 0.603491,
        "trust": 1161,
        "trust_7d": 7,
        "tvf": 189125876.0,
        "web3_id": "ETH_Believer"
    },
    {
        "balance": 5375020.0,
        "contribution": 18.28,
        "followers": 22323,
        "following": 13,
        "id": "0x3ec6732676db7996c1b34e64b0503f941025cb63",
        "rank": 124,
        "rank_score": 0.603324,
        "trust": 463,
        "trust_7d": 9,
        "tvf": 218011222.0,
        "web3_id": "FOMO"
    },
    {
        "balance": 12708.0,
        "contribution": 143.72,
        "followers": 2442,
        "following": 181,
        "id": "0xbde38b4e76e9dcb603580af00ce3e74411dc1aa6",
        "rank": 125,
        "rank_score": 0.603311,
        "trust": 4060,
        "trust_7d": 1662,
        "tvf": 110861985.0,
        "web3_id": "YoMoney"
    },
    {
        "balance": 1626140.0,
        "contribution": 57.14,
        "followers": 7591,
        "following": 436,
        "id": "0xc47fae56f3702737b69ed615950c01217ec5c7c8",
        "rank": 126,
        "rank_score": 0.603287,
        "trust": 689,
        "trust_7d": 53,
        "tvf": 261134797.0,
        "web3_id": "fulmer"
    },
    {
        "balance": 35096.0,
        "contribution": 68.49,
        "followers": 5888,
        "following": 655,
        "id": "0x33a924165e1f2be5142fd19d1b2f091cb23bfd3f",
        "rank": 127,
        "rank_score": 0.60311,
        "trust": 3433,
        "trust_7d": 71,
        "tvf": 352201123.0,
        "web3_id": "ao_investman"
    },
    {
        "balance": 152170.0,
        "contribution": 212.4,
        "followers": 2166,
        "following": 996,
        "id": "0xe4336223707c1616278a44ecd9f4546ea422f8e7",
        "rank": 128,
        "rank_score": 0.602875,
        "trust": 3575,
        "trust_7d": 959,
        "tvf": 119748424.0,
        "web3_id": "rianbet"
    },
    {
        "balance": 31211.0,
        "contribution": 317.79,
        "followers": 7768,
        "following": 581,
        "id": "0x5d8d9668ff0a655486027c97111c14a99316eb42",
        "rank": 129,
        "rank_score": 0.602757,
        "trust": 12277,
        "trust_7d": 875,
        "tvf": 86741702.0,
        "web3_id": "ROMKA"
    },
    {
        "balance": 13276.0,
        "contribution": 42.62,
        "followers": 6824,
        "following": 489,
        "id": "0x5e27a2447b4f19064f0014d3de3bb0777f7b84c9",
        "rank": 130,
        "rank_score": 0.602477,
        "trust": 5591,
        "trust_7d": 273,
        "tvf": 135279769.0,
        "web3_id": "bitcoinduke"
    },
    {
        "balance": 7204179.0,
        "contribution": 29.55,
        "followers": 6198,
        "following": 669,
        "id": "0xd553294b42bdfeb49d8f5a64e8b2d3a65fc673a9",
        "rank": 131,
        "rank_score": 0.601836,
        "trust": 152,
        "trust_7d": 4,
        "tvf": 193746224.0,
        "web3_id": "jokerbra"
    },
    {
        "balance": 143532.0,
        "contribution": 446.13,
        "followers": 3918,
        "following": 44,
        "id": "0xea1fcb26d0f438e331559e17a07f94d478ad945a",
        "rank": 132,
        "rank_score": 0.60181,
        "trust": 4818,
        "trust_7d": 3550,
        "tvf": 58045845.0,
        "web3_id": "ScroogeYoutube"
    },
    {
        "balance": 91851.0,
        "contribution": 158.67,
        "followers": 4458,
        "following": 149,
        "id": "0xd58dcd4594087c2758717a59f44a5ac09db65105",
        "rank": 133,
        "rank_score": 0.60161,
        "trust": 5420,
        "trust_7d": 366,
        "tvf": 152817248.0,
        "web3_id": "trialaccountCP"
    },
    {
        "balance": 8534.0,
        "contribution": 123.98,
        "followers": 4078,
        "following": 961,
        "id": "0x0ce02d3a89efa218cd0f486514cae77d74b88bee",
        "rank": 134,
        "rank_score": 0.601405,
        "trust": 1853,
        "trust_7d": 1287,
        "tvf": 115801510.0,
        "web3_id": "Don_Killuminati"
    },
    {
        "balance": 2464524.0,
        "contribution": 16.18,
        "followers": 1631,
        "following": 138,
        "id": "0x17bb6b65b7b5bd3651782ccf2e01c2c9c34ea0fb",
        "rank": 135,
        "rank_score": 0.601067,
        "trust": 1476,
        "trust_7d": 7,
        "tvf": 251943674.0,
        "web3_id": "yonder"
    },
    {
        "balance": 114400.0,
        "contribution": 25.67,
        "followers": 6415,
        "following": 626,
        "id": "0xa47dcc127bd2487b01477d8e381dced5de5e5033",
        "rank": 136,
        "rank_score": 0.60093,
        "trust": 2785,
        "trust_7d": 10,
        "tvf": 205515988.0,
        "web3_id": "MrLawyer88"
    },
    {
        "balance": 166704.0,
        "contribution": 0.0,
        "followers": 9841,
        "following": 123,
        "id": "0x049808d5eaa90a2665b9703d2246dded34f1eb73",
        "rank": 137,
        "rank_score": 0.600795,
        "trust": 1035,
        "trust_7d": 1,
        "tvf": 211259873.0,
        "web3_id": "LeoH"
    },
    {
        "balance": 19222.0,
        "contribution": 87.55,
        "followers": 4549,
        "following": 882,
        "id": "0x3b7d646966a4f9c2814bd0b414818ab0cbd1242b",
        "rank": 138,
        "rank_score": 0.600302,
        "trust": 2838,
        "trust_7d": 64,
        "tvf": 207074685.0,
        "web3_id": "rinaki"
    },
    {
        "balance": 46419.0,
        "contribution": 0.9,
        "followers": 6285,
        "following": 118,
        "id": "0xeec38a8835bf98eb8f4abee900455a5175d836a3",
        "rank": 139,
        "rank_score": 0.600214,
        "trust": 2234,
        "trust_7d": 0,
        "tvf": 166770164.0,
        "web3_id": "DefiRat"
    },
    {
        "balance": 68092.0,
        "contribution": 52.48,
        "followers": 3587,
        "following": 851,
        "id": "0x62cf0107243d16bf47cc223f6a4647321c415d92",
        "rank": 140,
        "rank_score": 0.600209,
        "trust": 3994,
        "trust_7d": 105,
        "tvf": 139264597.0,
        "web3_id": "kimseenam"
    },
    {
        "balance": 118030.0,
        "contribution": 100.88,
        "followers": 1547,
        "following": 160,
        "id": "0xa40eb69d2adbd34ea73ea1dfd049f825e8216eb0",
        "rank": 141,
        "rank_score": 0.600023,
        "trust": 1623,
        "trust_7d": 22,
        "tvf": 108926578.0,
        "web3_id": "earlycurve"
    },
    {
        "balance": 3199.0,
        "contribution": 164.49,
        "followers": 5208,
        "following": 993,
        "id": "0x72713894bd21d2dea4c8f4eb6d0237af8fd2feb2",
        "rank": 142,
        "rank_score": 0.59999,
        "trust": 6122,
        "trust_7d": 1616,
        "tvf": 144645678.0,
        "web3_id": "68686868"
    },
    {
        "balance": 11927.0,
        "contribution": 86.8,
        "followers": 1950,
        "following": 741,
        "id": "0xd2c991cc5bdbb00195b8c814abc1cb195dbba910",
        "rank": 143,
        "rank_score": 0.599754,
        "trust": 3760,
        "trust_7d": 450,
        "tvf": 172099109.0,
        "web3_id": "sh1t"
    },
    {
        "balance": 183101.0,
        "contribution": 2.93,
        "followers": 8019,
        "following": 1,
        "id": "0xfb40932271fc9db9dbf048e80697e2da4aa57250",
        "rank": 144,
        "rank_score": 0.599607,
        "trust": 1370,
        "trust_7d": 14,
        "tvf": 57112589.0,
        "web3_id": "bravekon"
    },
    {
        "balance": 39871.0,
        "contribution": 53.25,
        "followers": 2819,
        "following": 550,
        "id": "0x451248229712d6f207ff9466d8d3a33cb59d103c",
        "rank": 145,
        "rank_score": 0.599437,
        "trust": 2026,
        "trust_7d": 74,
        "tvf": 97039497.0,
        "web3_id": "Wikiblockchain"
    },
    {
        "balance": 907371.0,
        "contribution": 38.99,
        "followers": 11636,
        "following": 609,
        "id": "0xef80c44d996ebac95aa62589986fb3fcdfe3f7d9",
        "rank": 146,
        "rank_score": 0.598893,
        "trust": 651,
        "trust_7d": 39,
        "tvf": 197712938.0,
        "web3_id": "nemo"
    },
    {
        "balance": 655810.0,
        "contribution": 71.76,
        "followers": 5798,
        "following": 154,
        "id": "0x3ccc596a2be298ff9e94bc583bc1de6429cd0f0a",
        "rank": 147,
        "rank_score": 0.598856,
        "trust": 3093,
        "trust_7d": 556,
        "tvf": 205505350.0,
        "web3_id": "Ramalinga"
    },
    {
        "balance": 5092.0,
        "contribution": 89.61,
        "followers": 3904,
        "following": 200,
        "id": "0x40be959d6979e089a29983f46088fa6c04fd5220",
        "rank": 148,
        "rank_score": 0.598745,
        "trust": 2109,
        "trust_7d": 1186,
        "tvf": 216474292.0,
        "web3_id": "Smiths"
    },
    {
        "balance": 8029.0,
        "contribution": 85.19,
        "followers": 6039,
        "following": 1000,
        "id": "0x99e4530a9965dcaca8aad011714ce1446667e4eb",
        "rank": 149,
        "rank_score": 0.598535,
        "trust": 3789,
        "trust_7d": 486,
        "tvf": 162624575.0,
        "web3_id": "zkevm"
    },
    {
        "balance": 26840.0,
        "contribution": 52.35,
        "followers": 6090,
        "following": 295,
        "id": "0x11b1785d9ac81480c03210e89f1508c8c115888e",
        "rank": 150,
        "rank_score": 0.598515,
        "trust": 1724,
        "trust_7d": 17,
        "tvf": 95995968.0,
        "web3_id": "crjobo"
    },
    {
        "balance": 218568.0,
        "contribution": 86.14,
        "followers": 7913,
        "following": 423,
        "id": "0x58b61d71a801beffe49ed1a8e01a908be965ca1b",
        "rank": 151,
        "rank_score": 0.598422,
        "trust": 2456,
        "trust_7d": 29,
        "tvf": 134932252.0,
        "web3_id": "Guantanamoboy"
    },
    {
        "balance": 4582452.0,
        "contribution": 0.0,
        "followers": 3075,
        "following": 272,
        "id": "0x17fc9786b2f98de35f5447ce70d49e4067ebefb0",
        "rank": 152,
        "rank_score": 0.598067,
        "trust": 2152,
        "trust_7d": 8,
        "tvf": 183412765.0,
        "web3_id": "JackTheRipper"
    },
    {
        "balance": 5036.0,
        "contribution": 39.95,
        "followers": 2979,
        "following": 881,
        "id": "0xb1d248e9550ac090c9eb25098e27037b118a1de0",
        "rank": 153,
        "rank_score": 0.59804,
        "trust": 3419,
        "trust_7d": 37,
        "tvf": 125850641.0,
        "web3_id": "Killa007"
    },
    {
        "balance": 133261.0,
        "contribution": 14.81,
        "followers": 7635,
        "following": 4556,
        "id": "0x6f6b9a91a78c2e23ea086e45a53111ffa61195ad",
        "rank": 154,
        "rank_score": 0.598027,
        "trust": 7167,
        "trust_7d": 207,
        "tvf": 105813335.0,
        "web3_id": "TopTraiderXXX"
    },
    {
        "balance": 4557.0,
        "contribution": 136.67,
        "followers": 9081,
        "following": 368,
        "id": "0x4678b5c9decfdef19a64195eb5e401b266f81341",
        "rank": 155,
        "rank_score": 0.597987,
        "trust": 4669,
        "trust_7d": 3475,
        "tvf": 241168658.0,
        "web3_id": "BigKush"
    },
    {
        "balance": 4807869.0,
        "contribution": 8.34,
        "followers": 4745,
        "following": 221,
        "id": "0x2de9d6f84e28f3a347b97c6a3db51d366e65ba4c",
        "rank": 156,
        "rank_score": 0.597687,
        "trust": 1075,
        "trust_7d": 4,
        "tvf": 280817712.0,
        "web3_id": "Safefarmer"
    },
    {
        "balance": 3694.0,
        "contribution": 82.42,
        "followers": 8348,
        "following": 964,
        "id": "0x64f8ef34ac5dc26410f2a1a0e2b4641189040231",
        "rank": 157,
        "rank_score": 0.597496,
        "trust": 2366,
        "trust_7d": 567,
        "tvf": 208578128.0,
        "web3_id": "Lavromax"
    },
    {
        "balance": 328785.0,
        "contribution": 24.83,
        "followers": 4579,
        "following": 275,
        "id": "0x2068d14ee50772dd6e89c6f64f32adad0cc936ef",
        "rank": 158,
        "rank_score": 0.597455,
        "trust": 920,
        "trust_7d": 13,
        "tvf": 247672904.0,
        "web3_id": "love2bluff"
    },
    {
        "balance": 99912664.0,
        "contribution": 0.0,
        "followers": 16358,
        "following": 0,
        "id": "0x7a16ff8270133f063aab6c9977183d9e72835428",
        "rank": 159,
        "rank_score": 0.597381,
        "trust": 0,
        "trust_7d": 0,
        "tvf": 354813610.0,
        "web3_id": "michwill"
    },
    {
        "balance": 22704.0,
        "contribution": 124.84,
        "followers": 3289,
        "following": 269,
        "id": "0x94365edc741d589320602ce66677b5ddb64d3687",
        "rank": 160,
        "rank_score": 0.597267,
        "trust": 3639,
        "trust_7d": 1672,
        "tvf": 106855867.0,
        "web3_id": "streamsobored"
    },
    {
        "balance": 23756.0,
        "contribution": 17.84,
        "followers": 10627,
        "following": 975,
        "id": "0x9241f27daffd0bb1df4f2a022584dd6c77843e64",
        "rank": 161,
        "rank_score": 0.597128,
        "trust": 1145,
        "trust_7d": 18,
        "tvf": 168692081.0,
        "web3_id": "Maksim"
    },
    {
        "balance": 37587.0,
        "contribution": 96.02,
        "followers": 4241,
        "following": 528,
        "id": "0x1257b6871bfca1da593ff5586e73eb1731b494fc",
        "rank": 162,
        "rank_score": 0.596745,
        "trust": 1321,
        "trust_7d": 95,
        "tvf": 90636382.0,
        "web3_id": "DonInvest"
    },
    {
        "balance": 10154.0,
        "contribution": 80.53,
        "followers": 4942,
        "following": 383,
        "id": "0x39ad3c18e569c16f86eca31f6eded16eba506301",
        "rank": 163,
        "rank_score": 0.596112,
        "trust": 1911,
        "trust_7d": 1911,
        "tvf": 156009410.0,
        "web3_id": "NikitaG"
    },
    {
        "balance": 304877.0,
        "contribution": 38.2,
        "followers": 1574,
        "following": 72,
        "id": "0x0ca6cadb6a8ca4199788b9a060c3285fe7b897fd",
        "rank": 164,
        "rank_score": 0.596038,
        "trust": 2099,
        "trust_7d": 17,
        "tvf": 102838369.0,
        "web3_id": "Armads"
    },
    {
        "balance": 19255.0,
        "contribution": 23.43,
        "followers": 11471,
        "following": 930,
        "id": "0xa77ce92a601d504a6d64af843eb5a3994616969c",
        "rank": 165,
        "rank_score": 0.595981,
        "trust": 3737,
        "trust_7d": 37,
        "tvf": 140594539.0,
        "web3_id": "onlinecasino"
    },
    {
        "balance": 14310.0,
        "contribution": 84.7,
        "followers": 3638,
        "following": 1000,
        "id": "0x74028a31bb4f1c2e1b479c0c5f66f3e405827cd5",
        "rank": 166,
        "rank_score": 0.595845,
        "trust": 8256,
        "trust_7d": 113,
        "tvf": 171598447.0,
        "web3_id": "DeCrypto"
    },
    {
        "balance": 319868.0,
        "contribution": 1.32,
        "followers": 2562,
        "following": 916,
        "id": "0xc97252f98b7159251d410fe237674dc5bf7465a1",
        "rank": 167,
        "rank_score": 0.595752,
        "trust": 1157,
        "trust_7d": 221,
        "tvf": 148746393.0,
        "web3_id": "FoB0SS"
    },
    {
        "balance": 550303.0,
        "contribution": 3.02,
        "followers": 4028,
        "following": 208,
        "id": "0x95c2ec97903c993efbe4630f1535282a12fead98",
        "rank": 168,
        "rank_score": 0.595164,
        "trust": 1435,
        "trust_7d": 9,
        "tvf": 227484132.0,
        "web3_id": "Thanatos"
    },
    {
        "balance": 19068.0,
        "contribution": 60.14,
        "followers": 3732,
        "following": 156,
        "id": "0xeb20b344612e8825ca07206f40f2b88e5afd5dd3",
        "rank": 169,
        "rank_score": 0.595122,
        "trust": 5053,
        "trust_7d": 59,
        "tvf": 113792197.0,
        "web3_id": "cook"
    },
    {
        "balance": 23552.0,
        "contribution": 31.06,
        "followers": 3259,
        "following": 366,
        "id": "0x4f942119e6ab0a6e4368e795d1d64291a3ff0da4",
        "rank": 170,
        "rank_score": 0.59505,
        "trust": 2543,
        "trust_7d": 1,
        "tvf": 156980875.0,
        "web3_id": "Kleio"
    },
    {
        "balance": 2896.0,
        "contribution": 98.22,
        "followers": 2705,
        "following": 993,
        "id": "0xdbee2b501021ec7d8d6fe48f1829118178d2e4a3",
        "rank": 171,
        "rank_score": 0.594549,
        "trust": 4677,
        "trust_7d": 1293,
        "tvf": 64473481.0,
        "web3_id": "Supreme7"
    },
    {
        "balance": 11945.0,
        "contribution": 32.24,
        "followers": 3151,
        "following": 857,
        "id": "0x520768717f317893e749b363399f51bc8a092cfc",
        "rank": 172,
        "rank_score": 0.594251,
        "trust": 2918,
        "trust_7d": 12,
        "tvf": 149564665.0,
        "web3_id": "Galaanto"
    },
    {
        "balance": 19238.0,
        "contribution": 82.21,
        "followers": 3818,
        "following": 603,
        "id": "0x4f49c34759b7e888ce77de9dd34fec63d63495cc",
        "rank": 173,
        "rank_score": 0.594196,
        "trust": 1923,
        "trust_7d": 156,
        "tvf": 147928383.0,
        "web3_id": "Tuczky"
    },
    {
        "balance": 18782.0,
        "contribution": 134.44,
        "followers": 12332,
        "following": 995,
        "id": "0xd91613333480222fd60bcdfc9a2ef9886d7e83a4",
        "rank": 174,
        "rank_score": 0.59401,
        "trust": 2814,
        "trust_7d": 177,
        "tvf": 91768094.0,
        "web3_id": "TOXIC"
    },
    {
        "balance": 118443.0,
        "contribution": 94.6,
        "followers": 4092,
        "following": 191,
        "id": "0x3dbcc1e9d6c027f6b4ee76e52a66df3e89f738e2",
        "rank": 175,
        "rank_score": 0.594001,
        "trust": 3204,
        "trust_7d": 589,
        "tvf": 157279458.0,
        "web3_id": "aliev"
    },
    {
        "balance": 21657.0,
        "contribution": 51.61,
        "followers": 3861,
        "following": 818,
        "id": "0xa5fa6f7a47cce9381cbc63edc9dd55d3520270c9",
        "rank": 176,
        "rank_score": 0.593865,
        "trust": 1791,
        "trust_7d": 116,
        "tvf": 130931867.0,
        "web3_id": "ArcLing"
    },
    {
        "balance": 370240.0,
        "contribution": 100.89,
        "followers": 2310,
        "following": 135,
        "id": "0x26a5ce5620527599c143157954104e5bdfe5812f",
        "rank": 177,
        "rank_score": 0.593703,
        "trust": 1473,
        "trust_7d": 92,
        "tvf": 147539505.0,
        "web3_id": "hijacked"
    },
    {
        "balance": 148852.0,
        "contribution": 321.33,
        "followers": 3919,
        "following": 152,
        "id": "0x8fae1ace41023b11aa0ac44bda992c0f52b7bba5",
        "rank": 178,
        "rank_score": 0.593493,
        "trust": 2105,
        "trust_7d": 2074,
        "tvf": 135132026.0,
        "web3_id": "Nishij"
    },
    {
        "balance": 21473.0,
        "contribution": 48.77,
        "followers": 2020,
        "following": 306,
        "id": "0x41225847e1e44dda729e7c76be84d9a5a385e3d0",
        "rank": 179,
        "rank_score": 0.593029,
        "trust": 3925,
        "trust_7d": 308,
        "tvf": 182873302.0,
        "web3_id": "satoshipizza"
    },
    {
        "balance": 36198.0,
        "contribution": 69.82,
        "followers": 4162,
        "following": 728,
        "id": "0xea2678eb35d2068616ced7bc2b6e861de9142008",
        "rank": 180,
        "rank_score": 0.592815,
        "trust": 8399,
        "trust_7d": 465,
        "tvf": 199365720.0,
        "web3_id": "DeBob"
    },
    {
        "balance": 16271.0,
        "contribution": 54.16,
        "followers": 6600,
        "following": 996,
        "id": "0x2a03278590cd1962de28f9abc855cf3774fe3eb6",
        "rank": 181,
        "rank_score": 0.592409,
        "trust": 784,
        "trust_7d": 67,
        "tvf": 124920357.0,
        "web3_id": "Arvex28"
    },
    {
        "balance": 1643053.0,
        "contribution": 57.89,
        "followers": 3912,
        "following": 774,
        "id": "0x5922160c970573663914f8e53644a0615e8fa8d2",
        "rank": 182,
        "rank_score": 0.59215,
        "trust": 870,
        "trust_7d": 39,
        "tvf": 148478866.0,
        "web3_id": "pudding"
    },
    {
        "balance": 50036.0,
        "contribution": 50.65,
        "followers": 3332,
        "following": 802,
        "id": "0x7798ba9512b5a684c12e31518923ea4221a41fb9",
        "rank": 183,
        "rank_score": 0.59185,
        "trust": 1873,
        "trust_7d": 135,
        "tvf": 129879592.0,
        "web3_id": "SMIN"
    },
    {
        "balance": 16999.0,
        "contribution": 50.42,
        "followers": 3601,
        "following": 414,
        "id": "0x5e92e75550a9c84f08e755c6493f30c6c96df64d",
        "rank": 184,
        "rank_score": 0.591809,
        "trust": 5860,
        "trust_7d": 1472,
        "tvf": 77519022.0,
        "web3_id": "CryptoBrim"
    },
    {
        "balance": 5154.0,
        "contribution": 93.36,
        "followers": 1960,
        "following": 1000,
        "id": "0xaf198e3593b61be3469d856c57961daa49be4852",
        "rank": 185,
        "rank_score": 0.591614,
        "trust": 3805,
        "trust_7d": 702,
        "tvf": 156591081.0,
        "web3_id": "KyojuHashira"
    },
    {
        "balance": 283029.0,
        "contribution": 47.29,
        "followers": 5486,
        "following": 961,
        "id": "0xea9256149c6ede78ef457e293d9014703e7b4ccb",
        "rank": 186,
        "rank_score": 0.591411,
        "trust": 2444,
        "trust_7d": 30,
        "tvf": 236565212.0,
        "web3_id": "KontolKodokKuat"
    },
    {
        "balance": 2623.0,
        "contribution": 66.15,
        "followers": 4618,
        "following": 777,
        "id": "0x7e95da20083bcb74fecec9c77966c7d376b5a0d0",
        "rank": 187,
        "rank_score": 0.590649,
        "trust": 4652,
        "trust_7d": 111,
        "tvf": 136930881.0,
        "web3_id": "0eth"
    },
    {
        "balance": 5831.0,
        "contribution": 52.79,
        "followers": 686,
        "following": 694,
        "id": "0xfe08945f392cf1873f2c5b1bd7c7401e452153a8",
        "rank": 188,
        "rank_score": 0.59057,
        "trust": 2225,
        "trust_7d": 652,
        "tvf": 74990480.0,
        "web3_id": "andybut"
    },
    {
        "balance": 142276.0,
        "contribution": 30.9,
        "followers": 4699,
        "following": 886,
        "id": "0x873dedc08c68af519003fe8fd23a1122369bbaa2",
        "rank": 189,
        "rank_score": 0.590407,
        "trust": 4091,
        "trust_7d": 87,
        "tvf": 131564751.0,
        "web3_id": "Will"
    },
    {
        "balance": 194198.0,
        "contribution": 6.11,
        "followers": 2561,
        "following": 325,
        "id": "0x07a1f6fc89223c5ebd4e4ddae89ac97629856a0f",
        "rank": 190,
        "rank_score": 0.589956,
        "trust": 1716,
        "trust_7d": 0,
        "tvf": 143786604.0,
        "web3_id": "tino"
    },
    {
        "balance": 369579.0,
        "contribution": 44.29,
        "followers": 12701,
        "following": 777,
        "id": "0x627cf7fe2ee4e2406505e074c03b31e421a2ad25",
        "rank": 191,
        "rank_score": 0.589831,
        "trust": 6138,
        "trust_7d": 88,
        "tvf": 125407006.0,
        "web3_id": "careless"
    },
    {
        "balance": 7814.0,
        "contribution": 80.01,
        "followers": 2071,
        "following": 302,
        "id": "0xa2e7002e0ffc42e4228292d67c13a81fdd191870",
        "rank": 192,
        "rank_score": 0.589763,
        "trust": 885,
        "trust_7d": 195,
        "tvf": 89748306.0,
        "web3_id": "fommes"
    },
    {
        "balance": 773737.0,
        "contribution": 62.84,
        "followers": 14288,
        "following": 976,
        "id": "0xa57c927df5b836d203560a5b568af75831939eed",
        "rank": 193,
        "rank_score": 0.589723,
        "trust": 773,
        "trust_7d": 26,
        "tvf": 179256190.0,
        "web3_id": "canon"
    },
    {
        "balance": 553744.0,
        "contribution": 0.0,
        "followers": 6857,
        "following": 967,
        "id": "0xa4b6eeeb7eba0fc360a7402f2ebe90c178115e91",
        "rank": 194,
        "rank_score": 0.589397,
        "trust": 3691,
        "trust_7d": 7,
        "tvf": 191984872.0,
        "web3_id": "hodlthedoor"
    },
    {
        "balance": 44594.0,
        "contribution": 25.13,
        "followers": 3618,
        "following": 928,
        "id": "0xcd0d4cdb238eec15fcf4ff9d13d5a59051e507d7",
        "rank": 195,
        "rank_score": 0.589167,
        "trust": 935,
        "trust_7d": 0,
        "tvf": 117571701.0,
        "web3_id": "mike0182"
    },
    {
        "balance": 408007.0,
        "contribution": 45.64,
        "followers": 4387,
        "following": 216,
        "id": "0xe9b31f8daab3d2855cba7327a4a94b2fcbd594c1",
        "rank": 196,
        "rank_score": 0.588869,
        "trust": 12668,
        "trust_7d": 22,
        "tvf": 186651883.0,
        "web3_id": "yieldenjoyer"
    },
    {
        "balance": 2427.0,
        "contribution": 108.59,
        "followers": 3309,
        "following": 109,
        "id": "0x87f69e8b4bed7d41383592647c6bdf2f9621f6d0",
        "rank": 197,
        "rank_score": 0.588778,
        "trust": 4472,
        "trust_7d": 916,
        "tvf": 88078309.0,
        "web3_id": "wisp"
    },
    {
        "balance": 902.0,
        "contribution": 50.64,
        "followers": 10180,
        "following": 981,
        "id": "0x364708c5c546dccb89a42b6a9d46b525af47570b",
        "rank": 198,
        "rank_score": 0.58865,
        "trust": 4706,
        "trust_7d": 1024,
        "tvf": 284666407.0,
        "web3_id": "MaximuZZ"
    },
    {
        "balance": 9599.0,
        "contribution": 45.9,
        "followers": 6529,
        "following": 369,
        "id": "0xa06c4b981dae1e0e8945eb61380431d83f68bf39",
        "rank": 199,
        "rank_score": 0.588365,
        "trust": 2622,
        "trust_7d": 534,
        "tvf": 133955078.0,
        "web3_id": "Marcus"
    },
    {
        "balance": 9386.0,
        "contribution": 215.1,
        "followers": 4498,
        "following": 690,
        "id": "0x13224f6760c29f4da18ee3fc5436e64010f0c1b0",
        "rank": 200,
        "rank_score": 0.588141,
        "trust": 7423,
        "trust_7d": 450,
        "tvf": 72775632.0,
        "web3_id": "koarts"
    }
]