[
    {
        "balance": 24187427.0,
        "contribution": 896.92,
        "followers": 45205,
        "following": 1001,
        "id": "0x7bfee91193d9df2ac0bfe90191d40f23c773c060",
        "not_sybil": 93,
        "rank": 1,
        "rank_score": 0.755572,
        "sybil": 5,
        "trust": 69240,
        "trust_7d": 3811,
        "tvf": 970773764.0,
        "web3_id": "an0n"
    },
    {
        "balance": 27407989.0,
        "contribution": 143.08,
        "followers": 59338,
        "following": 190,
        "id": "0xbdfa4f4492dd7b7cf211209c4791af8d52bf5c50",
        "not_sybil": 41,
        "rank": 2,
        "rank_score": 0.743341,
        "sybil": 1,
        "trust": 7354,
        "trust_7d": 959,
        "tvf": 1073842553.0,
        "web3_id": "Ethereum"
    },
    {
        "balance": 25078673.0,
        "contribution": 248.92,
        "followers": 23145,
        "following": 987,
        "id": "0x33eecc48943aaeabb5328a25ff28eb85f67945c2",
        "not_sybil": 123,
        "rank": 3,
        "rank_score": 0.721935,
        "sybil": 26,
        "trust": 15708,
        "trust_7d": 148,
        "tvf": 713715786.0,
        "web3_id": "33EE"
    },
    {
        "balance": 16126360.0,
        "contribution": 990.56,
        "followers": 27275,
        "following": 1310,
        "id": "0x171c53d55b1bcb725f660677d9e8bad7fd084282",
        "not_sybil": 133,
        "rank": 4,
        "rank_score": 0.717295,
        "sybil": 7,
        "trust": 38062,
        "trust_7d": 1813,
        "tvf": 757282012.0,
        "web3_id": "MoneyPrinter1"
    },
    {
        "balance": 39095601.0,
        "contribution": 212.9,
        "followers": 16492,
        "following": 604,
        "id": "0x3e8734ec146c981e3ed1f6b582d447dde701d90c",
        "not_sybil": 56,
        "rank": 5,
        "rank_score": 0.714001,
        "sybil": 0,
        "trust": 10235,
        "trust_7d": 650,
        "tvf": 573518993.0,
        "web3_id": "DeFiWhale"
    },
    {
        "balance": 28210325.0,
        "contribution": 235.26,
        "followers": 15432,
        "following": 447,
        "id": "0x47441bd9fb3441370cb5b6c4684a0104353aec66",
        "not_sybil": 88,
        "rank": 6,
        "rank_score": 0.707922,
        "sybil": 1,
        "trust": 7310,
        "trust_7d": 1041,
        "tvf": 570467655.0,
        "web3_id": "Powerstake"
    },
    {
        "balance": 104931889.0,
        "contribution": 58.18,
        "followers": 3827,
        "following": 261,
        "id": "0x36cc7b13029b5dee4034745fb4f24034f3f2ffc6",
        "not_sybil": 35,
        "rank": 7,
        "rank_score": 0.702791,
        "sybil": 0,
        "trust": 6316,
        "trust_7d": 160,
        "tvf": 400068376.0,
        "web3_id": "Humpy_is_GOLD"
    },
    {
        "balance": 9843397.0,
        "contribution": 305.44,
        "followers": 25006,
        "following": 605,
        "id": "0x5c9e30def85334e587cf36eb07bdd6a72bf1452d",
        "not_sybil": 49,
        "rank": 8,
        "rank_score": 0.701963,
        "sybil": 4,
        "trust": 19439,
        "trust_7d": 1334,
        "tvf": 995598148.0,
        "web3_id": "TradFiWhale"
    },
    {
        "balance": 5289709.0,
        "contribution": 301.53,
        "followers": 11285,
        "following": 193,
        "id": "0xbbbc35dfac3a00a03a8fde3540eca4f0e15c5e64",
        "not_sybil": 20,
        "rank": 9,
        "rank_score": 0.700486,
        "sybil": 0,
        "trust": 27711,
        "trust_7d": 1582,
        "tvf": 795122746.0,
        "web3_id": "0xbbbc"
    },
    {
        "balance": 896390.0,
        "contribution": 953.36,
        "followers": 39603,
        "following": 446,
        "id": "0xb72ed8401892466ea8af528c1af1d0524bc5e105",
        "not_sybil": 54,
        "rank": 10,
        "rank_score": 0.691876,
        "sybil": 2,
        "trust": 41898,
        "trust_7d": 1560,
        "tvf": 711053110.0,
        "web3_id": "Gekko"
    },
    {
        "balance": 14725387.0,
        "contribution": 177.76,
        "followers": 13377,
        "following": 857,
        "id": "0x41bc7d0687e6cea57fa26da78379dfdc5627c56d",
        "not_sybil": 57,
        "rank": 11,
        "rank_score": 0.687774,
        "sybil": 2,
        "trust": 2890,
        "trust_7d": 82,
        "tvf": 681102027.0,
        "web3_id": "just_a_guy"
    },
    {
        "balance": 11320349.0,
        "contribution": 223.5,
        "followers": 12860,
        "following": 531,
        "id": "0xd92293daca6bbed57f8cb6d498b48ea93e035e99",
        "not_sybil": 40,
        "rank": 12,
        "rank_score": 0.681983,
        "sybil": 0,
        "trust": 10787,
        "trust_7d": 1883,
        "tvf": 721086837.0,
        "web3_id": "4What"
    },
    {
        "balance": 112134.0,
        "contribution": 1349.74,
        "followers": 35331,
        "following": 1292,
        "id": "0x9d17bb55b57b31329cf01aa7017948e398b277bc",
        "not_sybil": 73,
        "rank": 13,
        "rank_score": 0.679791,
        "sybil": 0,
        "trust": 98457,
        "trust_7d": 3809,
        "tvf": 1088495317.0,
        "web3_id": "nerd"
    },
    {
        "balance": 1646834.0,
        "contribution": 1054.45,
        "followers": 20957,
        "following": 572,
        "id": "0x0edefa91e99da1eddd1372c1743a63b1595fc413",
        "not_sybil": 45,
        "rank": 14,
        "rank_score": 0.679102,
        "sybil": 5,
        "trust": 34808,
        "trust_7d": 1385,
        "tvf": 673226351.0,
        "web3_id": "Enerow"
    },
    {
        "balance": 7788990.0,
        "contribution": 246.01,
        "followers": 23009,
        "following": 48,
        "id": "0xa7888f85bd76deef3bd03d4dbcf57765a49883b3",
        "not_sybil": 12,
        "rank": 15,
        "rank_score": 0.671199,
        "sybil": 0,
        "trust": 7391,
        "trust_7d": 953,
        "tvf": 486659157.0,
        "web3_id": "Transhumanist"
    },
    {
        "balance": 2228909.0,
        "contribution": 503.64,
        "followers": 18312,
        "following": 619,
        "id": "0x87f16c31e32ae543278f5194cf94862f1cb1eee0",
        "not_sybil": 26,
        "rank": 16,
        "rank_score": 0.666148,
        "sybil": 4,
        "trust": 6843,
        "trust_7d": 265,
        "tvf": 895676779.0,
        "web3_id": "VY100"
    },
    {
        "balance": 324210.0,
        "contribution": 527.76,
        "followers": 15682,
        "following": 2916,
        "id": "0xbdb7819a671b83e04800a98e00294a67d7d2ec7a",
        "not_sybil": 125,
        "rank": 17,
        "rank_score": 0.665644,
        "sybil": 7,
        "trust": 52289,
        "trust_7d": 2030,
        "tvf": 880664581.0,
        "web3_id": "Millionaire"
    },
    {
        "balance": 488956.0,
        "contribution": 116.62,
        "followers": 32191,
        "following": 15,
        "id": "0xc1e42f862d202b4a0ed552c1145735ee088f6ccf",
        "not_sybil": 14,
        "rank": 18,
        "rank_score": 0.66333,
        "sybil": 0,
        "trust": 3960,
        "trust_7d": 343,
        "tvf": 560178189.0,
        "web3_id": "vitalik"
    },
    {
        "balance": 76809.0,
        "contribution": 473.91,
        "followers": 18111,
        "following": 671,
        "id": "0xada7673b48d656a87cad01bcbafe6b1ee6d621ed",
        "not_sybil": 48,
        "rank": 19,
        "rank_score": 0.662657,
        "sybil": 3,
        "trust": 39987,
        "trust_7d": 2348,
        "tvf": 716864306.0,
        "web3_id": "cryptorun"
    },
    {
        "balance": 3036205.0,
        "contribution": 341.89,
        "followers": 9522,
        "following": 286,
        "id": "0x5d2f29aa18aef827317c48bd2b4f05fa24880038",
        "not_sybil": 19,
        "rank": 20,
        "rank_score": 0.661981,
        "sybil": 0,
        "trust": 9795,
        "trust_7d": 6563,
        "tvf": 320601543.0,
        "web3_id": "kimpercy"
    },
    {
        "balance": 301088.0,
        "contribution": 487.41,
        "followers": 11155,
        "following": 513,
        "id": "0x5d47e5d242a8f66a6286b0a2353868875f5d6068",
        "not_sybil": 9,
        "rank": 21,
        "rank_score": 0.661478,
        "sybil": 0,
        "trust": 8729,
        "trust_7d": 2545,
        "tvf": 459738599.0,
        "web3_id": "Pandario"
    },
    {
        "balance": 2376858.0,
        "contribution": 69.07,
        "followers": 15747,
        "following": 6,
        "id": "0x6f9bb7e454f5b3eb2310343f0e99269dc2bb8a1d",
        "not_sybil": 27,
        "rank": 22,
        "rank_score": 0.661477,
        "sybil": 42,
        "trust": 3486,
        "trust_7d": 75,
        "tvf": 489547675.0,
        "web3_id": "cp0x_1"
    },
    {
        "balance": 184160.0,
        "contribution": 152.18,
        "followers": 22958,
        "following": 208,
        "id": "0xbdcd88b1967b6e0e47df420e5882286776e74afb",
        "not_sybil": 209,
        "rank": 23,
        "rank_score": 0.661175,
        "sybil": 117,
        "trust": 87781,
        "trust_7d": 1028,
        "tvf": 754982266.0,
        "web3_id": "snehur"
    },
    {
        "balance": 9701266.0,
        "contribution": 2.22,
        "followers": 31331,
        "following": 6,
        "id": "0x26fcbd3afebbe28d0a8684f790c48368d21665b5",
        "not_sybil": 17,
        "rank": 24,
        "rank_score": 0.656123,
        "sybil": 0,
        "trust": 1495,
        "trust_7d": 9,
        "tvf": 658795326.0,
        "web3_id": "EverydayWhale"
    },
    {
        "balance": 407186.0,
        "contribution": 263.16,
        "followers": 10442,
        "following": 104,
        "id": "0x0c86262354095fa35a21b58af3e0dd94d0ba767c",
        "not_sybil": 19,
        "rank": 25,
        "rank_score": 0.655625,
        "sybil": 0,
        "trust": 45640,
        "trust_7d": 1993,
        "tvf": 561728168.0,
        "web3_id": "YoungHustler"
    },
    {
        "balance": 608786.0,
        "contribution": 0.0,
        "followers": 10225,
        "following": 1316,
        "id": "0xa67b426eb6de4c24ecb3f778ed3f9c09ae0699cb",
        "not_sybil": 70,
        "rank": 26,
        "rank_score": 0.655335,
        "sybil": 3,
        "trust": 20065,
        "trust_7d": 27,
        "tvf": 862621145.0,
        "web3_id": "BugsBunny"
    },
    {
        "balance": 127339.0,
        "contribution": 328.47,
        "followers": 10406,
        "following": 1289,
        "id": "0x7522682a93738e7da3ab42959d61cd809fe62440",
        "not_sybil": 26,
        "rank": 27,
        "rank_score": 0.654575,
        "sybil": 0,
        "trust": 28011,
        "trust_7d": 2962,
        "tvf": 575356192.0,
        "web3_id": "TDM503"
    },
    {
        "balance": 600460.0,
        "contribution": 136.43,
        "followers": 36508,
        "following": 688,
        "id": "0x14ff0bc9417b6796f79768729002a793b51205b8",
        "not_sybil": 53,
        "rank": 28,
        "rank_score": 0.654365,
        "sybil": 4,
        "trust": 44701,
        "trust_7d": 22,
        "tvf": 656239463.0,
        "web3_id": "defigen"
    },
    {
        "balance": 5532408.0,
        "contribution": 331.43,
        "followers": 7623,
        "following": 1122,
        "id": "0x4e5ed30e3b4eb39abce3c150f31e180a3ae5806e",
        "not_sybil": 114,
        "rank": 29,
        "rank_score": 0.652555,
        "sybil": 7,
        "trust": 48089,
        "trust_7d": 3198,
        "tvf": 482915178.0,
        "web3_id": "domconex"
    },
    {
        "balance": 1344277.0,
        "contribution": 148.3,
        "followers": 52512,
        "following": 322,
        "id": "0x0228028a0c92cfd9743e561a96b16edbb4606054",
        "not_sybil": 42,
        "rank": 30,
        "rank_score": 0.651718,
        "sybil": 3,
        "trust": 58039,
        "trust_7d": 21,
        "tvf": 911122666.0,
        "web3_id": "QUID"
    },
    {
        "balance": 254951.0,
        "contribution": 804.43,
        "followers": 9639,
        "following": 966,
        "id": "0x50df7d6ef23c1e77dbcf49031a7f37e77e8fe0ba",
        "not_sybil": 22,
        "rank": 31,
        "rank_score": 0.651332,
        "sybil": 0,
        "trust": 31111,
        "trust_7d": 3815,
        "tvf": 429311145.0,
        "web3_id": "caybach"
    },
    {
        "balance": 2620288.0,
        "contribution": 272.2,
        "followers": 13910,
        "following": 112,
        "id": "0x473d3a2005499301dc353afa9d0c9c5980b5188c",
        "not_sybil": 18,
        "rank": 32,
        "rank_score": 0.649867,
        "sybil": 2,
        "trust": 5269,
        "trust_7d": 345,
        "tvf": 576063164.0,
        "web3_id": "yieldfarming"
    },
    {
        "balance": 2764086.0,
        "contribution": 269.63,
        "followers": 8043,
        "following": 996,
        "id": "0x84a6a7c0674a3aa03e09c026600cb46181821f07",
        "not_sybil": 309,
        "rank": 33,
        "rank_score": 0.649206,
        "sybil": 7,
        "trust": 6725,
        "trust_7d": 998,
        "tvf": 479838966.0,
        "web3_id": "1f07"
    },
    {
        "balance": 6962563.0,
        "contribution": 55.67,
        "followers": 10630,
        "following": 997,
        "id": "0x614d98a57a5d879d717152de0690ed2b04562ade",
        "not_sybil": 69,
        "rank": 34,
        "rank_score": 0.649185,
        "sybil": 1,
        "trust": 2047,
        "trust_7d": 21,
        "tvf": 618396098.0,
        "web3_id": "ZeroPants"
    },
    {
        "balance": 511249.0,
        "contribution": 349.69,
        "followers": 7514,
        "following": 924,
        "id": "0x6671219099ea6ccc75eb3f4f4200d46a97b09a19",
        "not_sybil": 76,
        "rank": 35,
        "rank_score": 0.64889,
        "sybil": 6,
        "trust": 33768,
        "trust_7d": 1908,
        "tvf": 569391107.0,
        "web3_id": "Dantellox"
    },
    {
        "balance": 338875.0,
        "contribution": 707.35,
        "followers": 13106,
        "following": 1023,
        "id": "0x36243ade16d74eedbb3f2b8b2ecf286f538ef5fd",
        "not_sybil": 43,
        "rank": 36,
        "rank_score": 0.647774,
        "sybil": 1,
        "trust": 76395,
        "trust_7d": 3385,
        "tvf": 612436335.0,
        "web3_id": "Doomer"
    },
    {
        "balance": 83991.0,
        "contribution": 12.14,
        "followers": 52175,
        "following": 1002,
        "id": "0x66b870ddf78c975af5cd8edc6de25eca81791de1",
        "not_sybil": 72,
        "rank": 37,
        "rank_score": 0.647652,
        "sybil": 285,
        "trust": 32979,
        "trust_7d": 42,
        "tvf": 747252972.0,
        "web3_id": "a16z"
    },
    {
        "balance": 75505.0,
        "contribution": 384.93,
        "followers": 10544,
        "following": 1266,
        "id": "0x25954b95ea02df586e07688de9543eea5bae31d7",
        "not_sybil": 105,
        "rank": 38,
        "rank_score": 0.64629,
        "sybil": 0,
        "trust": 38917,
        "trust_7d": 1146,
        "tvf": 477617315.0,
        "web3_id": "FantomKing"
    },
    {
        "balance": 41251.0,
        "contribution": 406.03,
        "followers": 11008,
        "following": 1545,
        "id": "0xd692e8e0dbd3b4b9dfefe0500f097c17abea4583",
        "not_sybil": 31,
        "rank": 39,
        "rank_score": 0.645671,
        "sybil": 2,
        "trust": 36945,
        "trust_7d": 1670,
        "tvf": 403239799.0,
        "web3_id": "phihung209"
    },
    {
        "balance": 27055.0,
        "contribution": 322.96,
        "followers": 6205,
        "following": 922,
        "id": "0x78a18ddecda44f7d298d9b37512ed8a7f6b226c7",
        "not_sybil": 36,
        "rank": 40,
        "rank_score": 0.645637,
        "sybil": 2,
        "trust": 22743,
        "trust_7d": 1486,
        "tvf": 383994563.0,
        "web3_id": "nett"
    },
    {
        "balance": 321702.0,
        "contribution": 223.75,
        "followers": 8496,
        "following": 553,
        "id": "0xf7b10d603907658f690da534e9b7dbc4dab3e2d6",
        "not_sybil": 36,
        "rank": 41,
        "rank_score": 0.645426,
        "sybil": 0,
        "trust": 14391,
        "trust_7d": 763,
        "tvf": 457740438.0,
        "web3_id": "nmstarchild"
    },
    {
        "balance": 217737.0,
        "contribution": 536.0,
        "followers": 8775,
        "following": 2977,
        "id": "0xa6ed26749cb54591291b4550a82f15ff64ae98d9",
        "not_sybil": 26,
        "rank": 42,
        "rank_score": 0.644296,
        "sybil": 32,
        "trust": 25737,
        "trust_7d": 3322,
        "tvf": 550177421.0,
        "web3_id": "hannry"
    },
    {
        "balance": 22841.0,
        "contribution": 868.38,
        "followers": 18109,
        "following": 1847,
        "id": "0x786694b02f1d331be540e727f1f2a697c45b57e4",
        "not_sybil": 43,
        "rank": 43,
        "rank_score": 0.644167,
        "sybil": 0,
        "trust": 48211,
        "trust_7d": 4744,
        "tvf": 460443896.0,
        "web3_id": "x777"
    },
    {
        "balance": 2056550.0,
        "contribution": 63.39,
        "followers": 10374,
        "following": 284,
        "id": "0x73051a64044fea61a6100eb0b55c9087be32cca3",
        "not_sybil": 15,
        "rank": 44,
        "rank_score": 0.644149,
        "sybil": 0,
        "trust": 4895,
        "trust_7d": 352,
        "tvf": 556787462.0,
        "web3_id": "DegenPanda"
    },
    {
        "balance": 10067633.0,
        "contribution": 102.36,
        "followers": 3866,
        "following": 266,
        "id": "0x0b32aa5c1e71715206fe29b7badb21ad95f272c0",
        "not_sybil": 96,
        "rank": 45,
        "rank_score": 0.643703,
        "sybil": 10,
        "trust": 3490,
        "trust_7d": 254,
        "tvf": 541919863.0,
        "web3_id": "cryptojazz"
    },
    {
        "balance": 2336905.0,
        "contribution": 154.98,
        "followers": 12316,
        "following": 134,
        "id": "0x854f1269b659a727a2268ab86ff77cfb30bfb358",
        "not_sybil": 15,
        "rank": 46,
        "rank_score": 0.642868,
        "sybil": 1,
        "trust": 2024,
        "trust_7d": 96,
        "tvf": 510230139.0,
        "web3_id": "invictus369"
    },
    {
        "balance": 10632816.0,
        "contribution": 25.15,
        "followers": 9816,
        "following": 109,
        "id": "0x11d67fa925877813b744abc0917900c2b1d6eb81",
        "not_sybil": 18,
        "rank": 47,
        "rank_score": 0.642485,
        "sybil": 0,
        "trust": 2292,
        "trust_7d": 15,
        "tvf": 526397278.0,
        "web3_id": "Indodax"
    },
    {
        "balance": 1777488.0,
        "contribution": 165.67,
        "followers": 7518,
        "following": 227,
        "id": "0xbdc149340cc73b38aebde5f67bae146a1af9e0d6",
        "not_sybil": 62,
        "rank": 48,
        "rank_score": 0.642465,
        "sybil": 4,
        "trust": 42585,
        "trust_7d": 1849,
        "tvf": 435630239.0,
        "web3_id": "odysseys"
    },
    {
        "balance": 13917.0,
        "contribution": 724.82,
        "followers": 13257,
        "following": 2473,
        "id": "0x05bb279648e4e4cbcdecf2d4d6ec310999d444e7",
        "not_sybil": 115,
        "rank": 49,
        "rank_score": 0.64225,
        "sybil": 27,
        "trust": 48769,
        "trust_7d": 4763,
        "tvf": 493110647.0,
        "web3_id": "CryptoFortochka"
    },
    {
        "balance": 804962.0,
        "contribution": 197.19,
        "followers": 12467,
        "following": 591,
        "id": "0x5869458f360d8c1ce49e35fccb3d0a1f25e8d533",
        "not_sybil": 27,
        "rank": 50,
        "rank_score": 0.640321,
        "sybil": 1,
        "trust": 21162,
        "trust_7d": 1332,
        "tvf": 553290278.0,
        "web3_id": "SKAKUN"
    },
    {
        "balance": 24051.0,
        "contribution": 437.3,
        "followers": 13141,
        "following": 2845,
        "id": "0x69155e7ca2e688ccdc247f6c4ddf374b3ae77bd6",
        "not_sybil": 27,
        "rank": 51,
        "rank_score": 0.640058,
        "sybil": 0,
        "trust": 21303,
        "trust_7d": 1230,
        "tvf": 366110230.0,
        "web3_id": "MrBang"
    },
    {
        "balance": 559876.0,
        "contribution": 331.16,
        "followers": 11683,
        "following": 1535,
        "id": "0x862b4167e67f3ba9ed662d8ea2d0b9a40b49714b",
        "not_sybil": 96,
        "rank": 52,
        "rank_score": 0.639892,
        "sybil": 5,
        "trust": 23579,
        "trust_7d": 1267,
        "tvf": 522294744.0,
        "web3_id": "Rainmaker"
    },
    {
        "balance": 3150295.0,
        "contribution": 126.92,
        "followers": 7055,
        "following": 275,
        "id": "0x5baac7ccda079839c9524b90df81720834fc039f",
        "not_sybil": 23,
        "rank": 53,
        "rank_score": 0.639546,
        "sybil": 0,
        "trust": 7653,
        "trust_7d": 214,
        "tvf": 632922484.0,
        "web3_id": "Octoshi"
    },
    {
        "balance": 19420.0,
        "contribution": 469.94,
        "followers": 10103,
        "following": 529,
        "id": "0xd16f4529c9e88eecc04a04f2ee9fdfd05f6b4a01",
        "not_sybil": 70,
        "rank": 54,
        "rank_score": 0.639089,
        "sybil": 1,
        "trust": 25364,
        "trust_7d": 4740,
        "tvf": 643377681.0,
        "web3_id": "DeFi_Club"
    },
    {
        "balance": 19811.0,
        "contribution": 340.94,
        "followers": 11677,
        "following": 2245,
        "id": "0x744f617343f03bb7c9d52a6d84f87aa4b1017fac",
        "not_sybil": 19,
        "rank": 55,
        "rank_score": 0.639039,
        "sybil": 1,
        "trust": 39665,
        "trust_7d": 2631,
        "tvf": 295100397.0,
        "web3_id": "luzerne"
    },
    {
        "balance": 46431.0,
        "contribution": 209.95,
        "followers": 9636,
        "following": 1774,
        "id": "0xc32b7438b3df7844c9ee799930a2224fe6e26426",
        "not_sybil": 19,
        "rank": 56,
        "rank_score": 0.638612,
        "sybil": 0,
        "trust": 13445,
        "trust_7d": 1790,
        "tvf": 359872854.0,
        "web3_id": "MrBlueSky"
    },
    {
        "balance": 247334.0,
        "contribution": 279.03,
        "followers": 10551,
        "following": 310,
        "id": "0xbcb4c8386c097589e7825aaeb9e7c6295835f1d6",
        "not_sybil": 70,
        "rank": 57,
        "rank_score": 0.637083,
        "sybil": 1,
        "trust": 9078,
        "trust_7d": 546,
        "tvf": 561324034.0,
        "web3_id": "alex"
    },
    {
        "balance": 424512.0,
        "contribution": 20.65,
        "followers": 14170,
        "following": 248,
        "id": "0x9ed2af9d4ab71740e4d63fab593be7e8701ea169",
        "not_sybil": 29,
        "rank": 58,
        "rank_score": 0.636542,
        "sybil": 2,
        "trust": 21848,
        "trust_7d": 25,
        "tvf": 592683312.0,
        "web3_id": "yobit"
    },
    {
        "balance": 11064508.0,
        "contribution": 45.19,
        "followers": 3104,
        "following": 178,
        "id": "0x75e42d184b2f4b1fea2673a9f3116d1f66c90b44",
        "not_sybil": 22,
        "rank": 59,
        "rank_score": 0.636539,
        "sybil": 0,
        "trust": 1954,
        "trust_7d": 606,
        "tvf": 270640715.0,
        "web3_id": "BelarusOK"
    },
    {
        "balance": 24054.0,
        "contribution": 380.03,
        "followers": 7271,
        "following": 1286,
        "id": "0xe79f6334107a5fca525104e11bd6ab9f160edfd8",
        "not_sybil": 36,
        "rank": 60,
        "rank_score": 0.634605,
        "sybil": 1,
        "trust": 41046,
        "trust_7d": 2093,
        "tvf": 546346150.0,
        "web3_id": "Slay"
    },
    {
        "balance": 382842.0,
        "contribution": 226.6,
        "followers": 11189,
        "following": 1942,
        "id": "0x8b9869a87d5d5128eb742fbaed44441e90327e10",
        "not_sybil": 159,
        "rank": 61,
        "rank_score": 0.631792,
        "sybil": 133,
        "trust": 14665,
        "trust_7d": 1050,
        "tvf": 427929877.0,
        "web3_id": "airdropExpert"
    },
    {
        "balance": 2278851.0,
        "contribution": 180.73,
        "followers": 10016,
        "following": 140,
        "id": "0x329c54289ff5d6b7b7dae13592c6b1eda1543ed4",
        "not_sybil": 9,
        "rank": 62,
        "rank_score": 0.63168,
        "sybil": 0,
        "trust": 1792,
        "trust_7d": 280,
        "tvf": 222726176.0,
        "web3_id": "lemiscate"
    },
    {
        "balance": 6527617.0,
        "contribution": 6.61,
        "followers": 9786,
        "following": 546,
        "id": "0x0172e05392aba65366c4dbbb70d958bbf43304e4",
        "not_sybil": 42,
        "rank": 63,
        "rank_score": 0.631331,
        "sybil": 4,
        "trust": 11427,
        "trust_7d": 15,
        "tvf": 523141201.0,
        "web3_id": "IntelGroup"
    },
    {
        "balance": 311039.0,
        "contribution": 418.0,
        "followers": 10058,
        "following": 895,
        "id": "0xef7b7bfbc73931d230d4ff165e532d2d2248d1d1",
        "not_sybil": 33,
        "rank": 64,
        "rank_score": 0.631258,
        "sybil": 1,
        "trust": 38627,
        "trust_7d": 2273,
        "tvf": 490479556.0,
        "web3_id": "elonmoney"
    },
    {
        "balance": 706070.0,
        "contribution": 182.0,
        "followers": 7764,
        "following": 591,
        "id": "0xa2b16c27c0766a1df18892f7b0413b4f5806ee4d",
        "not_sybil": 20,
        "rank": 65,
        "rank_score": 0.631246,
        "sybil": 0,
        "trust": 5615,
        "trust_7d": 186,
        "tvf": 347695317.0,
        "web3_id": "ponziscam"
    },
    {
        "balance": 2386847.0,
        "contribution": 48.96,
        "followers": 9997,
        "following": 517,
        "id": "0xc47fae56f3702737b69ed615950c01217ec5c7c8",
        "not_sybil": 28,
        "rank": 66,
        "rank_score": 0.631062,
        "sybil": 0,
        "trust": 2093,
        "trust_7d": 31,
        "tvf": 489454419.0,
        "web3_id": "fulmer"
    },
    {
        "balance": 21734094.0,
        "contribution": 29.65,
        "followers": 8113,
        "following": 122,
        "id": "0x4ee79e19c9c398e364d135f01b25dccc0473047c",
        "not_sybil": 14,
        "rank": 67,
        "rank_score": 0.630494,
        "sybil": 0,
        "trust": 796,
        "trust_7d": 172,
        "tvf": 280297934.0,
        "web3_id": "Vladilena"
    },
    {
        "balance": 81947.0,
        "contribution": 387.68,
        "followers": 20260,
        "following": 401,
        "id": "0xcedafb4137505a23238e225378293e6c0fde1745",
        "not_sybil": 19,
        "rank": 68,
        "rank_score": 0.629811,
        "sybil": 1,
        "trust": 47820,
        "trust_7d": 1774,
        "tvf": 402619224.0,
        "web3_id": "Richie_Rich"
    },
    {
        "balance": 9280.0,
        "contribution": 158.39,
        "followers": 4357,
        "following": 1069,
        "id": "0xb1c0d822e2cd6d564d71b50aa02fdee9d198943e",
        "not_sybil": 21,
        "rank": 69,
        "rank_score": 0.629607,
        "sybil": 4,
        "trust": 26055,
        "trust_7d": 900,
        "tvf": 387551791.0,
        "web3_id": "Indonesia"
    },
    {
        "balance": 22013.0,
        "contribution": 199.51,
        "followers": 6418,
        "following": 2007,
        "id": "0xdf974829f6d977370b21e065ae445390cb9d010c",
        "not_sybil": 28,
        "rank": 70,
        "rank_score": 0.629443,
        "sybil": 1,
        "trust": 16927,
        "trust_7d": 1148,
        "tvf": 401567943.0,
        "web3_id": "Renegade06"
    },
    {
        "balance": 548206.0,
        "contribution": 64.24,
        "followers": 15865,
        "following": 249,
        "id": "0x7532a9e3e9475337c8a907428e35932a20959fdf",
        "not_sybil": 6,
        "rank": 71,
        "rank_score": 0.629177,
        "sybil": 1,
        "trust": 10795,
        "trust_7d": 8,
        "tvf": 618688032.0,
        "web3_id": "ngmi"
    },
    {
        "balance": 2203350.0,
        "contribution": 66.43,
        "followers": 9639,
        "following": 301,
        "id": "0x90c0bf8d71369d21f8addf0da33d21dcb0b1c384",
        "not_sybil": 21,
        "rank": 72,
        "rank_score": 0.629074,
        "sybil": 3,
        "trust": 2803,
        "trust_7d": 194,
        "tvf": 494995174.0,
        "web3_id": "nelsonmandela"
    },
    {
        "balance": 17403.0,
        "contribution": 290.71,
        "followers": 7528,
        "following": 974,
        "id": "0xd2c991cc5bdbb00195b8c814abc1cb195dbba910",
        "not_sybil": 42,
        "rank": 73,
        "rank_score": 0.628647,
        "sybil": 2,
        "trust": 10789,
        "trust_7d": 1898,
        "tvf": 386402352.0,
        "web3_id": "sh1t"
    },
    {
        "balance": 57284.0,
        "contribution": 245.45,
        "followers": 9119,
        "following": 763,
        "id": "0x33a924165e1f2be5142fd19d1b2f091cb23bfd3f",
        "not_sybil": 15,
        "rank": 74,
        "rank_score": 0.628498,
        "sybil": 0,
        "trust": 8816,
        "trust_7d": 693,
        "tvf": 574760817.0,
        "web3_id": "ao_investman"
    },
    {
        "balance": 12060.0,
        "contribution": 108.06,
        "followers": 7232,
        "following": 777,
        "id": "0x7e1d89efe0d75b659fece9159801fd9df37c0ac0",
        "not_sybil": 34,
        "rank": 75,
        "rank_score": 0.628495,
        "sybil": 0,
        "trust": 7786,
        "trust_7d": 2803,
        "tvf": 243526944.0,
        "web3_id": "TheWorldBTC"
    },
    {
        "balance": 18721.0,
        "contribution": 292.35,
        "followers": 15275,
        "following": 665,
        "id": "0x9c01b839c6091e519fd4749efa8b81e190c6d892",
        "not_sybil": 24,
        "rank": 76,
        "rank_score": 0.628231,
        "sybil": 0,
        "trust": 31098,
        "trust_7d": 2257,
        "tvf": 332651855.0,
        "web3_id": "RoseannePark"
    },
    {
        "balance": 20267.0,
        "contribution": 341.34,
        "followers": 5557,
        "following": 671,
        "id": "0x4070e40fc3e382437ab7bac2249205d276bdd15a",
        "not_sybil": 42,
        "rank": 77,
        "rank_score": 0.627978,
        "sybil": 37,
        "trust": 16725,
        "trust_7d": 1137,
        "tvf": 321120268.0,
        "web3_id": "CryptoFreak"
    },
    {
        "balance": 515857.0,
        "contribution": 320.52,
        "followers": 3604,
        "following": 866,
        "id": "0x0a5e1db3671faccd146404925bda5c59929f66c3",
        "not_sybil": 55,
        "rank": 78,
        "rank_score": 0.627573,
        "sybil": 0,
        "trust": 11323,
        "trust_7d": 1422,
        "tvf": 223348825.0,
        "web3_id": "CryptoCat"
    },
    {
        "balance": 118216.0,
        "contribution": 388.28,
        "followers": 11733,
        "following": 1685,
        "id": "0xa4b6eeeb7eba0fc360a7402f2ebe90c178115e91",
        "not_sybil": 41,
        "rank": 79,
        "rank_score": 0.62744,
        "sybil": 4,
        "trust": 21646,
        "trust_7d": 2649,
        "tvf": 462366091.0,
        "web3_id": "hodlthedoor"
    },
    {
        "balance": 17581.0,
        "contribution": 171.15,
        "followers": 3795,
        "following": 2382,
        "id": "0xdb5393a5056759f966f441df8ee1c9b5c09ec397",
        "not_sybil": 87,
        "rank": 80,
        "rank_score": 0.627371,
        "sybil": 1,
        "trust": 14736,
        "trust_7d": 1337,
        "tvf": 332353848.0,
        "web3_id": "harris"
    },
    {
        "balance": 678725.0,
        "contribution": 263.94,
        "followers": 4013,
        "following": 1477,
        "id": "0xe4336223707c1616278a44ecd9f4546ea422f8e7",
        "not_sybil": 52,
        "rank": 81,
        "rank_score": 0.625801,
        "sybil": 2,
        "trust": 18166,
        "trust_7d": 1354,
        "tvf": 364633135.0,
        "web3_id": "rianbet"
    },
    {
        "balance": 17823.0,
        "contribution": 233.95,
        "followers": 10111,
        "following": 2966,
        "id": "0xaf11495f021c5c2c5f5230f40d5d57ebe4059700",
        "not_sybil": 154,
        "rank": 82,
        "rank_score": 0.6258,
        "sybil": 2,
        "trust": 16612,
        "trust_7d": 1438,
        "tvf": 340477796.0,
        "web3_id": "lilwassie"
    },
    {
        "balance": 1246632.0,
        "contribution": 70.29,
        "followers": 12481,
        "following": 779,
        "id": "0xef80c44d996ebac95aa62589986fb3fcdfe3f7d9",
        "not_sybil": 35,
        "rank": 83,
        "rank_score": 0.625119,
        "sybil": 0,
        "trust": 1514,
        "trust_7d": 54,
        "tvf": 423973698.0,
        "web3_id": "nemo"
    },
    {
        "balance": 24431124.0,
        "contribution": 0.0,
        "followers": 35917,
        "following": 0,
        "id": "0xef764bac8a438e7e498c2e5fccf0f174c3e3f8db",
        "not_sybil": 18,
        "rank": 84,
        "rank_score": 0.625068,
        "sybil": 0,
        "trust": 0,
        "trust_7d": 0,
        "tvf": 729054215.0,
        "web3_id": "blurr"
    },
    {
        "balance": 2337288.0,
        "contribution": 46.03,
        "followers": 4820,
        "following": 1130,
        "id": "0x011b0a055e02425461a1ae95b30f483c4ff05be7",
        "not_sybil": 37,
        "rank": 85,
        "rank_score": 0.62499,
        "sybil": 0,
        "trust": 2503,
        "trust_7d": 223,
        "tvf": 258584946.0,
        "web3_id": "cucbku"
    },
    {
        "balance": 567781.0,
        "contribution": 18.92,
        "followers": 5823,
        "following": 965,
        "id": "0xaa0c3d6fd25aa2c23aed2659197ef39aea306172",
        "not_sybil": 86,
        "rank": 86,
        "rank_score": 0.624734,
        "sybil": 9,
        "trust": 10909,
        "trust_7d": 29,
        "tvf": 647676209.0,
        "web3_id": "TopBigSBHodler"
    },
    {
        "balance": 7869.0,
        "contribution": 40.19,
        "followers": 15333,
        "following": 522,
        "id": "0x5a27d268e830655e908a0a2c3b24f572695af5e8",
        "not_sybil": 23,
        "rank": 87,
        "rank_score": 0.624344,
        "sybil": 1,
        "trust": 29217,
        "trust_7d": 13,
        "tvf": 490958074.0,
        "web3_id": "bykur"
    },
    {
        "balance": 142175.0,
        "contribution": 208.5,
        "followers": 12835,
        "following": 898,
        "id": "0x5dac9ccc215b9af65b486066786f79d9aa0043da",
        "not_sybil": 27,
        "rank": 88,
        "rank_score": 0.62431,
        "sybil": 2,
        "trust": 7962,
        "trust_7d": 139,
        "tvf": 563444849.0,
        "web3_id": "DeFiGod"
    },
    {
        "balance": 5424427.0,
        "contribution": 143.82,
        "followers": 5201,
        "following": 523,
        "id": "0xe1f8afc92644bfe77080d7dcb0f936f578e00f53",
        "not_sybil": 50,
        "rank": 89,
        "rank_score": 0.623734,
        "sybil": 3,
        "trust": 6870,
        "trust_7d": 155,
        "tvf": 482315460.0,
        "web3_id": "CryptoBatDog"
    },
    {
        "balance": 3539789.0,
        "contribution": 24.67,
        "followers": 10508,
        "following": 989,
        "id": "0x7ac34681f6aaeb691e150c43ee494177c0e2c183",
        "not_sybil": 44,
        "rank": 90,
        "rank_score": 0.623207,
        "sybil": 0,
        "trust": 1137,
        "trust_7d": 0,
        "tvf": 539001606.0,
        "web3_id": "Admiral"
    },
    {
        "balance": 2732236.0,
        "contribution": 76.32,
        "followers": 2410,
        "following": 688,
        "id": "0x4cd6b970f42b41ee58c2e4b7ab99863d5ae52a23",
        "not_sybil": 10,
        "rank": 91,
        "rank_score": 0.623121,
        "sybil": 0,
        "trust": 2033,
        "trust_7d": 186,
        "tvf": 321022074.0,
        "web3_id": "0xMe"
    },
    {
        "balance": 10235.0,
        "contribution": 328.29,
        "followers": 10474,
        "following": 2651,
        "id": "0x7f8e3f0fa7eea2df907c04eb5696e3a0666a56d2",
        "not_sybil": 49,
        "rank": 92,
        "rank_score": 0.62266,
        "sybil": 0,
        "trust": 9938,
        "trust_7d": 2725,
        "tvf": 315993512.0,
        "web3_id": "razyob"
    },
    {
        "balance": 41179.0,
        "contribution": 442.85,
        "followers": 10751,
        "following": 2307,
        "id": "0x5d8d9668ff0a655486027c97111c14a99316eb42",
        "not_sybil": 174,
        "rank": 93,
        "rank_score": 0.621568,
        "sybil": 15,
        "trust": 20662,
        "trust_7d": 1090,
        "tvf": 279620716.0,
        "web3_id": "ROMKA"
    },
    {
        "balance": 239556.0,
        "contribution": 109.58,
        "followers": 10298,
        "following": 985,
        "id": "0xc69ae428f6049e78d445f053d2c1df879c59b34c",
        "not_sybil": 16,
        "rank": 94,
        "rank_score": 0.6214,
        "sybil": 0,
        "trust": 12541,
        "trust_7d": 331,
        "tvf": 463838363.0,
        "web3_id": "Punkk"
    },
    {
        "balance": 593981.0,
        "contribution": 163.6,
        "followers": 8936,
        "following": 93,
        "id": "0xde3ba1b41e6c612a3ca3213b84bdaf598dffdb9b",
        "not_sybil": 9,
        "rank": 95,
        "rank_score": 0.621089,
        "sybil": 0,
        "trust": 3128,
        "trust_7d": 238,
        "tvf": 355461316.0,
        "web3_id": "fourpoops"
    },
    {
        "balance": 205679.0,
        "contribution": 332.22,
        "followers": 10417,
        "following": 734,
        "id": "0xa48cd684ded1eee3de13e052bbdcfed59558a1ca",
        "not_sybil": 17,
        "rank": 96,
        "rank_score": 0.62046,
        "sybil": 2,
        "trust": 8570,
        "trust_7d": 1747,
        "tvf": 165348505.0,
        "web3_id": "Osborne"
    },
    {
        "balance": 2983287.0,
        "contribution": 93.49,
        "followers": 7303,
        "following": 959,
        "id": "0xf567361ff0bcdcad1252c8e2fb8e5d4a9bb4e266",
        "not_sybil": 46,
        "rank": 97,
        "rank_score": 0.620395,
        "sybil": 2,
        "trust": 1670,
        "trust_7d": 15,
        "tvf": 470782296.0,
        "web3_id": "JordanBelfort"
    },
    {
        "balance": 15315.0,
        "contribution": 162.83,
        "followers": 5492,
        "following": 704,
        "id": "0x682a8bbc3398c7a22ae0e7876017352ccdc55841",
        "not_sybil": 15,
        "rank": 98,
        "rank_score": 0.620333,
        "sybil": 0,
        "trust": 9653,
        "trust_7d": 1070,
        "tvf": 433002738.0,
        "web3_id": "krhpk"
    },
    {
        "balance": 1364519.0,
        "contribution": 91.72,
        "followers": 4867,
        "following": 44,
        "id": "0xd310a932cb1db29cdeff5a7b6fc34ac7b4f0ed8c",
        "not_sybil": 8,
        "rank": 99,
        "rank_score": 0.620245,
        "sybil": 0,
        "trust": 2773,
        "trust_7d": 30,
        "tvf": 353545481.0,
        "web3_id": "enzo"
    },
    {
        "balance": 25980.0,
        "contribution": 266.42,
        "followers": 7381,
        "following": 1536,
        "id": "0xfe5021168d36b8af7d5ddbd98c5baea8b69b42f4",
        "not_sybil": 57,
        "rank": 100,
        "rank_score": 0.620218,
        "sybil": 3,
        "trust": 43417,
        "trust_7d": 3985,
        "tvf": 362448009.0,
        "web3_id": "VietnamPenguin"
    }
]